-- phpMyAdmin SQL Dump
-- version 4.1.8
-- http://www.phpmyadmin.net
--
-- Host: localhost
-- Generation Time: Sep 01, 2014 at 11:28 AM
-- Server version: 5.0.96-community
-- PHP Version: 5.4.23

SET SQL_MODE = "NO_AUTO_VALUE_ON_ZERO";
SET time_zone = "+00:00";


/*!40101 SET @OLD_CHARACTER_SET_CLIENT=@@CHARACTER_SET_CLIENT */;
/*!40101 SET @OLD_CHARACTER_SET_RESULTS=@@CHARACTER_SET_RESULTS */;
/*!40101 SET @OLD_COLLATION_CONNECTION=@@COLLATION_CONNECTION */;
/*!40101 SET NAMES utf8 */;

--
-- Database: `thestage_db`
--

-- --------------------------------------------------------

--
-- Table structure for table `ci_query`
--

CREATE TABLE IF NOT EXISTS `ci_query` (
  `id` bigint(20) unsigned NOT NULL auto_increment,
  `query_string` text NOT NULL,
  PRIMARY KEY  (`id`)
) ENGINE=MyISAM  DEFAULT CHARSET=utf8 AUTO_INCREMENT=2 ;

--
-- Dumping data for table `ci_query`
--

INSERT INTO `ci_query` (`id`, `query_string`) VALUES
(1, 'name=&last_name=&mobile_phone=&email=&per_page=42');

-- --------------------------------------------------------

--
-- Table structure for table `log_action`
--

CREATE TABLE IF NOT EXISTS `log_action` (
  `action_id` bigint(20) unsigned NOT NULL auto_increment,
  `table_name` char(30) NOT NULL,
  `content_id` bigint(20) NOT NULL,
  `action_name` varchar(255) NOT NULL,
  `action_detail` text NOT NULL,
  `action_query` text NOT NULL,
  `create_by` int(11) NOT NULL,
  `create_date` datetime NOT NULL,
  `create_ip` varchar(50) NOT NULL,
  PRIMARY KEY  (`action_id`)
) ENGINE=MyISAM  DEFAULT CHARSET=utf8 AUTO_INCREMENT=13 ;

--
-- Dumping data for table `log_action`
--

INSERT INTO `log_action` (`action_id`, `table_name`, `content_id`, `action_name`, `action_detail`, `action_query`, `create_by`, `create_date`, `create_ip`) VALUES
(1, 'mother_table', 1, 'create table', 'model : StructureModel<br />parent_table_id : 0<br />table_name : Register Form<br />table_code : register_form<br />table_type : dynamic<br />icon_id : 7<br />table_order : desc<br />table_newcontent : false<br />table_preview : <br />table_recursive : false<br />sort_priority : 0', 'INSERT INTO `mother_table` (`parent_table_id`, `table_name`, `table_code`, `table_type`, `icon_id`, `table_order`, `table_newcontent`, `table_preview`, `table_recursive`, `sort_priority`, `create_date`, `create_by`, `update_date`, `update_by`) VALUES (0, ''Register Form'', ''register_form'', ''dynamic'', 7, ''desc'', ''false'', '''', ''false'', 0, NOW(), ''1'', NOW(), ''1'')', 1, '2014-08-11 15:32:02', '180.180.117.80'),
(2, 'mother_column', 1, 'create column', 'model : StructureModel<br />table_id : 1<br />column_name : Name<br />column_code : name<br />column_main : true<br />column_field_type : text<br />column_relation_table : 0<br />column_lang : 0<br />column_show_list : 1<br />searchable : Normal Search<br />column_option : <br />column_remark : <br />sort_priority : 1', 'INSERT INTO `mother_column` (`table_id`, `column_name`, `column_code`, `column_main`, `column_field_type`, `column_relation_table`, `column_lang`, `column_show_list`, `searchable`, `column_option`, `column_remark`, `sort_priority`, `create_date`, `create_by`, `update_date`, `update_by`) VALUES (''1'', ''Name'', ''name'', ''true'', ''text'', 0, 0, 1, ''Normal Search'', '''', '''', 1, NOW(), ''1'', NOW(), ''1'')', 1, '2014-08-11 15:32:03', '180.180.117.80'),
(3, 'mother_column', 2, 'create column', 'model : StructureModel<br />table_id : 1<br />column_name : Last Name<br />column_code : last_name<br />column_main : false<br />column_field_type : text<br />column_relation_table : 0<br />column_lang : 0<br />column_show_list : 1<br />searchable : Normal Search<br />column_option : <br />column_remark : <br />sort_priority : 2', 'INSERT INTO `mother_column` (`table_id`, `column_name`, `column_code`, `column_main`, `column_field_type`, `column_relation_table`, `column_lang`, `column_show_list`, `searchable`, `column_option`, `column_remark`, `sort_priority`, `create_date`, `create_by`, `update_date`, `update_by`) VALUES (''1'', ''Last Name'', ''last_name'', ''false'', ''text'', 0, 0, 1, ''Normal Search'', '''', '''', 2, NOW(), ''1'', NOW(), ''1'')', 1, '2014-08-11 15:32:03', '180.180.117.80'),
(4, 'mother_column', 3, 'create column', 'model : StructureModel<br />table_id : 1<br />column_name : Mobile Phone<br />column_code : mobile_phone<br />column_main : false<br />column_field_type : text<br />column_relation_table : 0<br />column_lang : 0<br />column_show_list : 0<br />searchable : Normal Search<br />column_option : <br />column_remark : <br />sort_priority : 3', 'INSERT INTO `mother_column` (`table_id`, `column_name`, `column_code`, `column_main`, `column_field_type`, `column_relation_table`, `column_lang`, `column_show_list`, `searchable`, `column_option`, `column_remark`, `sort_priority`, `create_date`, `create_by`, `update_date`, `update_by`) VALUES (''1'', ''Mobile Phone'', ''mobile_phone'', ''false'', ''text'', 0, 0, 0, ''Normal Search'', '''', '''', 3, NOW(), ''1'', NOW(), ''1'')', 1, '2014-08-11 15:32:03', '180.180.117.80'),
(5, 'mother_column', 4, 'create column', 'model : StructureModel<br />table_id : 1<br />column_name : Email<br />column_code : email<br />column_main : false<br />column_field_type : text<br />column_relation_table : 0<br />column_lang : 0<br />column_show_list : 0<br />searchable : Normal Search<br />column_option : <br />column_remark : <br />sort_priority : 4', 'INSERT INTO `mother_column` (`table_id`, `column_name`, `column_code`, `column_main`, `column_field_type`, `column_relation_table`, `column_lang`, `column_show_list`, `searchable`, `column_option`, `column_remark`, `sort_priority`, `create_date`, `create_by`, `update_date`, `update_by`) VALUES (''1'', ''Email'', ''email'', ''false'', ''text'', 0, 0, 0, ''Normal Search'', '''', '''', 4, NOW(), ''1'', NOW(), ''1'')', 1, '2014-08-11 15:32:03', '180.180.117.80'),
(6, 'mother_column', 5, 'create column', 'model : StructureModel<br />table_id : 1<br />column_name : Room Type<br />column_code : room_type<br />column_main : false<br />column_field_type : text<br />column_relation_table : 0<br />column_lang : 0<br />column_show_list : 0<br />searchable : Disable<br />column_option : <br />column_remark : <br />sort_priority : 5', 'INSERT INTO `mother_column` (`table_id`, `column_name`, `column_code`, `column_main`, `column_field_type`, `column_relation_table`, `column_lang`, `column_show_list`, `searchable`, `column_option`, `column_remark`, `sort_priority`, `create_date`, `create_by`, `update_date`, `update_by`) VALUES (''1'', ''Room Type'', ''room_type'', ''false'', ''text'', 0, 0, 0, ''Disable'', '''', '''', 5, NOW(), ''1'', NOW(), ''1'')', 1, '2014-08-11 15:32:03', '180.180.117.80'),
(7, 'mother_column', 6, 'create column', 'model : StructureModel<br />table_id : 1<br />column_name : Budget<br />column_code : budget<br />column_main : false<br />column_field_type : text<br />column_relation_table : 0<br />column_lang : 0<br />column_show_list : 0<br />searchable : Disable<br />column_option : <br />column_remark : <br />sort_priority : 6', 'INSERT INTO `mother_column` (`table_id`, `column_name`, `column_code`, `column_main`, `column_field_type`, `column_relation_table`, `column_lang`, `column_show_list`, `searchable`, `column_option`, `column_remark`, `sort_priority`, `create_date`, `create_by`, `update_date`, `update_by`) VALUES (''1'', ''Budget'', ''budget'', ''false'', ''text'', 0, 0, 0, ''Disable'', '''', '''', 6, NOW(), ''1'', NOW(), ''1'')', 1, '2014-08-11 15:32:03', '180.180.117.80'),
(8, 'mother_column', 7, 'create column', 'model : StructureModel<br />table_id : 1<br />column_name : Message<br />column_code : message<br />column_main : false<br />column_field_type : text<br />column_relation_table : 0<br />column_lang : 0<br />column_show_list : 0<br />searchable : Disable<br />column_option : <br />column_remark : <br />sort_priority : 7', 'INSERT INTO `mother_column` (`table_id`, `column_name`, `column_code`, `column_main`, `column_field_type`, `column_relation_table`, `column_lang`, `column_show_list`, `searchable`, `column_option`, `column_remark`, `sort_priority`, `create_date`, `create_by`, `update_date`, `update_by`) VALUES (''1'', ''Message'', ''message'', ''false'', ''text'', 0, 0, 0, ''Disable'', '''', '''', 7, NOW(), ''1'', NOW(), ''1'')', 1, '2014-08-11 15:32:03', '180.180.117.80'),
(9, 'mother_column', 8, 'create column', 'model : StructureModel<br />table_id : 1<br />column_name : Register Code<br />column_code : register_code<br />column_main : false<br />column_field_type : text<br />column_relation_table : 0<br />column_lang : 0<br />column_show_list : 1<br />searchable : Disable<br />column_option : <br />column_remark : <br />sort_priority : 8', 'INSERT INTO `mother_column` (`table_id`, `column_name`, `column_code`, `column_main`, `column_field_type`, `column_relation_table`, `column_lang`, `column_show_list`, `searchable`, `column_option`, `column_remark`, `sort_priority`, `create_date`, `create_by`, `update_date`, `update_by`) VALUES (''1'', ''Register Code'', ''register_code'', ''false'', ''text'', 0, 0, 1, ''Disable'', '''', '''', 8, NOW(), ''1'', NOW(), ''1'')', 1, '2014-08-11 15:32:03', '180.180.117.80'),
(10, 'mother_user_group', 1, 'create user group', 'model : UserGroupModel<br />user_group_name : Sales', 'INSERT INTO `mother_user_group` (`user_group_name`, `create_date`, `create_by`, `update_date`, `update_by`) VALUES (''Sales'', NOW(), ''1'', NOW(), ''1'')', 1, '2014-08-19 16:19:55', '182.52.1.38'),
(11, 'mother_user', 2, 'create user', 'model : UserModel<br />user_group_id : 0<br />user_login_name : sales<br />enable_status : enable<br />user_login_password : eea0c3c73c78eb0c95f59c7762e96328', 'INSERT INTO `mother_user` (`user_group_id`, `user_login_name`, `enable_status`, `user_login_password`, `create_date`, `create_by`, `update_date`, `update_by`) VALUES (''0'', ''sales'', ''enable'', ''eea0c3c73c78eb0c95f59c7762e96328'', NOW(), ''1'', NOW(), ''1'')', 1, '2014-08-19 16:20:44', '182.52.1.38'),
(12, 'mother_user', 2, 'update User', 'model : UserModel<br /><b>Update</b><br />user_group_id : 0 => 1<br />user_login_name : sales => sale', 'UPDATE `mother_user` SET `user_group_id` = ''1'', `user_login_name` = ''sale'', `update_date` = NOW(), `update_by` = ''1'' WHERE `user_id` =  ''2''', 1, '2014-08-19 16:20:49', '182.52.1.38');

-- --------------------------------------------------------

--
-- Table structure for table `migrations`
--

CREATE TABLE IF NOT EXISTS `migrations` (
  `version` int(3) NOT NULL
) ENGINE=MyISAM DEFAULT CHARSET=utf8;

--
-- Dumping data for table `migrations`
--

INSERT INTO `migrations` (`version`) VALUES
(13);

-- --------------------------------------------------------

--
-- Table structure for table `mother_column`
--

CREATE TABLE IF NOT EXISTS `mother_column` (
  `column_id` int(11) unsigned NOT NULL auto_increment,
  `table_id` int(11) NOT NULL,
  `column_name` varchar(50) NOT NULL,
  `column_code` varchar(50) NOT NULL,
  `column_main` enum('true','false') NOT NULL default 'false',
  `column_field_type` varchar(50) NOT NULL,
  `column_lang` tinyint(4) NOT NULL,
  `column_show_list` tinyint(4) NOT NULL,
  `column_option` varchar(255) NOT NULL,
  `column_relation_table` int(11) NOT NULL,
  `sort_priority` int(11) NOT NULL,
  `create_date` datetime NOT NULL,
  `create_by` int(11) NOT NULL,
  `update_date` datetime NOT NULL,
  `update_by` int(11) NOT NULL,
  `searchable` enum('Disable','Normal Search','Advance Search') NOT NULL,
  `column_remark` varchar(255) NOT NULL,
  PRIMARY KEY  (`column_id`)
) ENGINE=MyISAM  DEFAULT CHARSET=utf8 AUTO_INCREMENT=9 ;

--
-- Dumping data for table `mother_column`
--

INSERT INTO `mother_column` (`column_id`, `table_id`, `column_name`, `column_code`, `column_main`, `column_field_type`, `column_lang`, `column_show_list`, `column_option`, `column_relation_table`, `sort_priority`, `create_date`, `create_by`, `update_date`, `update_by`, `searchable`, `column_remark`) VALUES
(1, 1, 'Name', 'name', 'true', 'text', 0, 1, '', 0, 1, '2014-08-11 15:32:03', 1, '2014-08-11 15:32:03', 1, 'Normal Search', ''),
(2, 1, 'Last Name', 'last_name', 'false', 'text', 0, 1, '', 0, 2, '2014-08-11 15:32:03', 1, '2014-08-11 15:32:03', 1, 'Normal Search', ''),
(3, 1, 'Mobile Phone', 'mobile_phone', 'false', 'text', 0, 0, '', 0, 3, '2014-08-11 15:32:03', 1, '2014-08-11 15:32:03', 1, 'Normal Search', ''),
(4, 1, 'Email', 'email', 'false', 'text', 0, 0, '', 0, 4, '2014-08-11 15:32:03', 1, '2014-08-11 15:32:03', 1, 'Normal Search', ''),
(5, 1, 'Room Type', 'room_type', 'false', 'text', 0, 0, '', 0, 5, '2014-08-11 15:32:03', 1, '2014-08-11 15:32:03', 1, 'Disable', ''),
(6, 1, 'Budget', 'budget', 'false', 'text', 0, 0, '', 0, 6, '2014-08-11 15:32:03', 1, '2014-08-11 15:32:03', 1, 'Disable', ''),
(7, 1, 'Message', 'message', 'false', 'text', 0, 0, '', 0, 7, '2014-08-11 15:32:03', 1, '2014-08-11 15:32:03', 1, 'Disable', ''),
(8, 1, 'Register Code', 'register_code', 'false', 'text', 0, 1, '', 0, 8, '2014-08-11 15:32:03', 1, '2014-08-11 15:32:03', 1, 'Disable', '');

-- --------------------------------------------------------

--
-- Table structure for table `mother_config`
--

CREATE TABLE IF NOT EXISTS `mother_config` (
  `config_id` int(11) unsigned NOT NULL auto_increment,
  `config_name` varchar(50) NOT NULL,
  `config_code` varchar(50) NOT NULL,
  `config_type` enum('content','admin') NOT NULL default 'content',
  `config_field_type` varchar(50) NOT NULL,
  `config_value` text NOT NULL,
  `sort_priority` int(11) NOT NULL,
  `create_date` datetime NOT NULL,
  `create_by` int(11) NOT NULL,
  `update_date` datetime NOT NULL,
  `update_by` int(11) NOT NULL,
  `config_group_id` int(11) NOT NULL default '1',
  PRIMARY KEY  (`config_id`)
) ENGINE=MyISAM  DEFAULT CHARSET=utf8 AUTO_INCREMENT=18 ;

--
-- Dumping data for table `mother_config`
--

INSERT INTO `mother_config` (`config_id`, `config_name`, `config_code`, `config_type`, `config_field_type`, `config_value`, `sort_priority`, `create_date`, `create_by`, `update_date`, `update_by`, `config_group_id`) VALUES
(1, 'Backend Title', 'site_title', 'admin', 'text', 'Backend', 1, '2014-08-11 15:31:02', 0, '2014-08-11 15:31:02', 0, 1),
(2, 'Navigate Color', 'navigate_color', 'admin', 'color', '#454545', 2, '2014-08-11 15:31:02', 0, '2014-08-11 15:31:02', 0, 1),
(3, 'Navigate Shadow Color', 'navigate_color_shadow', 'admin', 'color', '#1f1f1f', 3, '2014-08-11 15:31:02', 0, '2014-08-11 15:31:02', 0, 1),
(4, 'Navigate Color Active', 'navigate_color_active', 'admin', 'color', '#6b6b6b', 4, '2014-08-11 15:31:02', 0, '2014-08-11 15:31:02', 0, 1),
(5, 'Website Title', 'website_title', 'admin', 'text', 'The Stage Taopoon Interchange ', 1, '2014-08-11 15:31:02', 0, '2014-08-11 15:31:02', 0, 2),
(6, 'Favicon', 'favicon', 'admin', 'file', '/userfiles/images/favicon/favicon-3.ico', 2, '2014-08-11 15:31:02', 0, '2014-08-11 15:31:02', 0, 2),
(7, 'Meta Keywords', 'meta_keywords', 'admin', 'textarea', '', 3, '2014-08-11 15:31:02', 0, '2014-08-11 15:31:02', 0, 2),
(8, 'Meta Description', 'meta_description', 'admin', 'textarea', '', 4, '2014-08-11 15:31:02', 0, '2014-08-11 15:31:02', 0, 2),
(9, 'Email Account', 'email_account', 'admin', 'text', 'no-reply@thestagecondo.com', 1, '2014-08-11 15:31:02', 0, '2014-08-11 15:31:02', 0, 3),
(10, 'Password', 'password', 'admin', 'text', 'n0-reply', 2, '2014-08-11 15:31:02', 0, '2014-08-11 15:31:02', 0, 3),
(11, 'SMTP', 'smtp', 'admin', 'text', 'mail.thestagecondo.com', 3, '2014-08-11 15:31:02', 0, '2014-08-11 15:31:02', 0, 3),
(12, 'Port', 'port', 'admin', 'text', '25', 4, '2014-08-11 15:31:02', 0, '2014-08-11 15:31:02', 0, 3),
(13, 'To', 'to', 'admin', 'textarea', 'thestage@th.knightfrank.com', 5, '2014-08-11 15:31:02', 0, '2014-08-11 15:31:02', 0, 3),
(14, 'CC', 'cc', 'admin', 'textarea', 'thanaphon.d@realasset.co.th,boonrat.b@realasset.co.th', 6, '2014-08-11 15:31:02', 0, '2014-08-11 15:31:02', 0, 3),
(15, 'BCC', 'bcc', 'admin', 'textarea', 'mint@mintedimages.com,rawichar@mintedimages.com,arsan@mintedimages.com', 7, '2014-08-11 15:31:02', 0, '2014-08-11 15:31:02', 0, 3),
(16, 'Google Analytic', 'google_analytic', 'admin', 'textarea', '<script>\n  (function(i,s,o,g,r,a,m){i[''GoogleAnalyticsObject'']=r;i[r]=i[r]||function(){\n  (i[r].q=i[r].q||[]).push(arguments)},i[r].l=1*new Date();a=s.createElement(o),\n  m=s.getElementsByTagName(o)[0];a.async=1;a.src=g;m.parentNode.insertBefore(a,m)\n  })(window,document,''script'',''//www.google-analytics.com/analytics.js'',''ga'');\n\n  ga(''create'', ''UA-36726082-43'', ''auto'');\n  ga(''send'', ''pageview'');\n\n</script>', 1, '2014-08-11 15:31:02', 0, '2014-08-11 15:31:02', 0, 4),
(17, 'Google Remarketing', 'google_remarketing', 'admin', 'textarea', '<!-- Google Code for Remarketing Tag -->\n<!--------------------------------------------------\nRemarketing tags may not be associated with personally identifiable information or placed on pages related to sensitive categories. See more information and instructions on how to setup the tag on: http://google.com/ads/remarketingsetup\n--------------------------------------------------->\n<script type="text/javascript">\n/* <![CDATA[ */\nvar google_conversion_id = 964635331;\nvar google_custom_params = window.google_tag_params;\nvar google_remarketing_only = true;\n/* ]]> */\n</script>\n<script type="text/javascript" src="//www.googleadservices.com/pagead/conversion.js">\n</script>\n<noscript>\n<div style="display:inline;">\n<img height="1" width="1" style="border-style:none;" alt="" src="//googleads.g.doubleclick.net/pagead/viewthroughconversion/964635331/?value=0&amp;guid=ON&amp;script=0"/>\n</div>\n</noscript>', 2, '2014-08-11 15:31:02', 0, '2014-08-11 15:31:02', 0, 4);

-- --------------------------------------------------------

--
-- Table structure for table `mother_config_group`
--

CREATE TABLE IF NOT EXISTS `mother_config_group` (
  `config_group_id` int(11) unsigned NOT NULL auto_increment,
  `config_group_name` varchar(50) NOT NULL,
  `sort_priority` int(11) NOT NULL,
  `create_date` datetime NOT NULL,
  `create_by` int(11) NOT NULL,
  `update_date` datetime NOT NULL,
  `update_by` int(11) NOT NULL,
  PRIMARY KEY  (`config_group_id`)
) ENGINE=MyISAM  DEFAULT CHARSET=utf8 AUTO_INCREMENT=5 ;

--
-- Dumping data for table `mother_config_group`
--

INSERT INTO `mother_config_group` (`config_group_id`, `config_group_name`, `sort_priority`, `create_date`, `create_by`, `update_date`, `update_by`) VALUES
(1, 'Backend Setting', 1, '2014-08-11 15:31:02', 0, '2014-08-11 15:31:02', 0),
(2, 'Frontend Setting', 2, '2014-08-11 15:31:02', 0, '2014-08-11 15:31:02', 0),
(3, 'Email Setting', 3, '2014-08-11 15:31:02', 0, '2014-08-11 15:31:02', 0),
(4, 'Statistics Setting', 4, '2014-08-11 15:31:02', 0, '2014-08-11 15:31:02', 0);

-- --------------------------------------------------------

--
-- Table structure for table `mother_icon`
--

CREATE TABLE IF NOT EXISTS `mother_icon` (
  `icon_id` int(11) unsigned NOT NULL auto_increment,
  `icon_name` varchar(50) NOT NULL,
  `icon_image` varchar(255) NOT NULL,
  `sort_priority` int(11) NOT NULL,
  `create_date` datetime NOT NULL,
  `create_by` int(11) NOT NULL,
  `update_date` datetime NOT NULL,
  `update_by` int(11) NOT NULL,
  PRIMARY KEY  (`icon_id`)
) ENGINE=MyISAM  DEFAULT CHARSET=utf8 AUTO_INCREMENT=9 ;

--
-- Dumping data for table `mother_icon`
--

INSERT INTO `mother_icon` (`icon_id`, `icon_name`, `icon_image`, `sort_priority`, `create_date`, `create_by`, `update_date`, `update_by`) VALUES
(1, 'Concept', '/userfiles/images/admin_icon/concept.png', 1, '2014-08-11 15:31:02', 0, '2014-08-11 15:31:02', 0),
(2, 'News', '/userfiles/images/admin_icon/news.png', 2, '2014-08-11 15:31:02', 0, '2014-08-11 15:31:02', 0),
(3, 'Contact', '/userfiles/images/admin_icon/contact.png', 3, '2014-08-11 15:31:02', 0, '2014-08-11 15:31:02', 0),
(4, 'Facility', '/userfiles/images/admin_icon/facility.png', 4, '2014-08-11 15:31:02', 0, '2014-08-11 15:31:02', 0),
(5, 'Floor Plan', '/userfiles/images/admin_icon/floorplan.png', 5, '2014-08-11 15:31:02', 0, '2014-08-11 15:31:02', 0),
(6, 'Gallery', '/userfiles/images/admin_icon/gallery.png', 6, '2014-08-11 15:31:02', 0, '2014-08-11 15:31:02', 0),
(7, 'Register', '/userfiles/images/admin_icon/register.png', 7, '2014-08-11 15:31:02', 0, '2014-08-11 15:31:02', 0),
(8, 'Room type', '/userfiles/images/admin_icon/roomtype.png', 8, '2014-08-11 15:31:02', 0, '2014-08-11 15:31:02', 0);

-- --------------------------------------------------------

--
-- Table structure for table `mother_lang`
--

CREATE TABLE IF NOT EXISTS `mother_lang` (
  `lang_id` int(11) unsigned NOT NULL auto_increment,
  `lang_name` varchar(50) NOT NULL,
  `lang_code` varchar(10) NOT NULL,
  `sort_priority` int(11) NOT NULL,
  `create_date` datetime NOT NULL,
  `create_by` int(11) NOT NULL,
  `update_date` datetime NOT NULL,
  `update_by` int(11) NOT NULL,
  PRIMARY KEY  (`lang_id`)
) ENGINE=MyISAM  DEFAULT CHARSET=utf8 AUTO_INCREMENT=2 ;

--
-- Dumping data for table `mother_lang`
--

INSERT INTO `mother_lang` (`lang_id`, `lang_name`, `lang_code`, `sort_priority`, `create_date`, `create_by`, `update_date`, `update_by`) VALUES
(1, 'Thai', 'th', 1, '2014-08-11 15:31:02', 0, '2014-08-11 15:31:02', 0);

-- --------------------------------------------------------

--
-- Table structure for table `mother_permission`
--

CREATE TABLE IF NOT EXISTS `mother_permission` (
  `permission_id` int(11) unsigned NOT NULL auto_increment,
  `user_group_id` int(11) NOT NULL,
  `shop_id` int(11) NOT NULL,
  `table_id` varchar(50) NOT NULL,
  `view` enum('true','false') NOT NULL default 'false',
  `edit` enum('true','false') NOT NULL default 'false',
  PRIMARY KEY  (`permission_id`)
) ENGINE=MyISAM  DEFAULT CHARSET=utf8 AUTO_INCREMENT=7 ;

--
-- Dumping data for table `mother_permission`
--

INSERT INTO `mother_permission` (`permission_id`, `user_group_id`, `shop_id`, `table_id`, `view`, `edit`) VALUES
(1, 1, 1, '1', 'true', 'true'),
(2, 1, 0, 's', 'false', 'false'),
(3, 1, 0, 'u', 'false', 'false'),
(4, 1, 0, 'g', 'false', 'false'),
(5, 1, 0, 'c', 'false', 'false'),
(6, 1, 0, 'l', 'false', 'false');

-- --------------------------------------------------------

--
-- Table structure for table `mother_shop`
--

CREATE TABLE IF NOT EXISTS `mother_shop` (
  `shop_id` int(11) unsigned NOT NULL auto_increment,
  `shop_name` varchar(50) NOT NULL,
  `shop_code` varchar(50) NOT NULL,
  `sort_priority` int(11) NOT NULL,
  `create_date` datetime NOT NULL,
  `create_by` int(11) NOT NULL,
  `update_date` datetime NOT NULL,
  `update_by` int(11) NOT NULL,
  PRIMARY KEY  (`shop_id`)
) ENGINE=MyISAM  DEFAULT CHARSET=utf8 AUTO_INCREMENT=2 ;

--
-- Dumping data for table `mother_shop`
--

INSERT INTO `mother_shop` (`shop_id`, `shop_name`, `shop_code`, `sort_priority`, `create_date`, `create_by`, `update_date`, `update_by`) VALUES
(1, 'Main', 'main', 1, '2014-08-11 15:31:02', 0, '2014-08-11 15:31:02', 0);

-- --------------------------------------------------------

--
-- Table structure for table `mother_table`
--

CREATE TABLE IF NOT EXISTS `mother_table` (
  `table_id` int(11) unsigned NOT NULL auto_increment,
  `parent_table_id` int(11) NOT NULL,
  `table_name` varchar(255) NOT NULL,
  `table_code` varchar(255) NOT NULL,
  `table_type` enum('static','dynamic') NOT NULL,
  `sort_priority` int(11) NOT NULL,
  `create_date` datetime NOT NULL,
  `create_by` int(11) NOT NULL,
  `update_date` datetime NOT NULL,
  `update_by` int(11) NOT NULL,
  `icon_id` int(11) NOT NULL default '0',
  `table_order` enum('asc','desc') NOT NULL default 'asc',
  `table_newcontent` enum('true','false') NOT NULL default 'true',
  `table_preview` text NOT NULL,
  `table_recursive` enum('true','false') NOT NULL default 'false',
  PRIMARY KEY  (`table_id`)
) ENGINE=MyISAM  DEFAULT CHARSET=utf8 AUTO_INCREMENT=2 ;

--
-- Dumping data for table `mother_table`
--

INSERT INTO `mother_table` (`table_id`, `parent_table_id`, `table_name`, `table_code`, `table_type`, `sort_priority`, `create_date`, `create_by`, `update_date`, `update_by`, `icon_id`, `table_order`, `table_newcontent`, `table_preview`, `table_recursive`) VALUES
(1, 0, 'Register Form', 'register_form', 'dynamic', 0, '2014-08-11 15:32:02', 1, '2014-08-11 15:32:02', 1, 7, 'desc', 'false', '', 'false');

-- --------------------------------------------------------

--
-- Table structure for table `mother_user`
--

CREATE TABLE IF NOT EXISTS `mother_user` (
  `user_id` int(11) unsigned NOT NULL auto_increment,
  `user_group_id` int(11) NOT NULL,
  `user_login_name` varchar(50) NOT NULL,
  `user_login_password` varchar(50) NOT NULL,
  `enable_status` enum('enable','disable') NOT NULL default 'enable',
  `create_date` datetime NOT NULL,
  `create_by` int(11) NOT NULL,
  `update_date` datetime NOT NULL,
  `update_by` int(11) NOT NULL,
  PRIMARY KEY  (`user_id`)
) ENGINE=MyISAM  DEFAULT CHARSET=utf8 AUTO_INCREMENT=3 ;

--
-- Dumping data for table `mother_user`
--

INSERT INTO `mother_user` (`user_id`, `user_group_id`, `user_login_name`, `user_login_password`, `enable_status`, `create_date`, `create_by`, `update_date`, `update_by`) VALUES
(1, 0, 'developer', '1a460e698f5d598976b3958c297eda1a', 'enable', '2014-08-11 15:31:02', 0, '2014-08-11 15:31:02', 0),
(2, 1, 'sale', 'eea0c3c73c78eb0c95f59c7762e96328', 'enable', '2014-08-19 16:20:44', 1, '2014-08-19 16:20:49', 1);

-- --------------------------------------------------------

--
-- Table structure for table `mother_user_group`
--

CREATE TABLE IF NOT EXISTS `mother_user_group` (
  `user_group_id` int(11) unsigned NOT NULL auto_increment,
  `user_group_name` varchar(50) NOT NULL,
  `user_group_permission` longtext NOT NULL,
  `create_date` datetime NOT NULL,
  `create_by` int(11) NOT NULL,
  `update_date` datetime NOT NULL,
  `update_by` int(11) NOT NULL,
  PRIMARY KEY  (`user_group_id`)
) ENGINE=MyISAM  DEFAULT CHARSET=utf8 AUTO_INCREMENT=2 ;

--
-- Dumping data for table `mother_user_group`
--

INSERT INTO `mother_user_group` (`user_group_id`, `user_group_name`, `user_group_permission`, `create_date`, `create_by`, `update_date`, `update_by`) VALUES
(1, 'Sales', '', '2014-08-19 16:19:55', 1, '2014-08-19 16:19:55', 1);

-- --------------------------------------------------------

--
-- Table structure for table `tbl_register_form`
--

CREATE TABLE IF NOT EXISTS `tbl_register_form` (
  `register_form_id` bigint(20) unsigned NOT NULL auto_increment,
  `mother_shop_id` int(10) unsigned NOT NULL default '1',
  `parent_id` bigint(20) unsigned NOT NULL default '0',
  `recursive_id` bigint(20) unsigned NOT NULL default '0',
  `sort_priority` bigint(20) unsigned NOT NULL,
  `enable_status` enum('show','hide','delete') NOT NULL default 'show',
  `create_date` datetime NOT NULL,
  `create_by` int(11) NOT NULL,
  `update_date` datetime NOT NULL,
  `update_by` int(11) NOT NULL,
  `name` varchar(255) NOT NULL,
  `last_name` varchar(255) NOT NULL,
  `mobile_phone` varchar(255) NOT NULL,
  `email` varchar(255) NOT NULL,
  `room_type` varchar(255) NOT NULL,
  `budget` varchar(255) NOT NULL,
  `message` varchar(255) NOT NULL,
  `register_code` varchar(255) NOT NULL,
  PRIMARY KEY  (`register_form_id`)
) ENGINE=MyISAM  DEFAULT CHARSET=utf8 AUTO_INCREMENT=304 ;

--
-- Dumping data for table `tbl_register_form`
--

INSERT INTO `tbl_register_form` (`register_form_id`, `mother_shop_id`, `parent_id`, `recursive_id`, `sort_priority`, `enable_status`, `create_date`, `create_by`, `update_date`, `update_by`, `name`, `last_name`, `mobile_phone`, `email`, `room_type`, `budget`, `message`, `register_code`) VALUES
(1, 1, 0, 0, 1, 'show', '2014-08-14 17:45:14', 0, '2014-08-14 17:45:14', 0, 'Rawichar', 'Pravitkulawath', '0891889332', 'rawichar@mintedimages.com', '1 ห้องนอน', '1.8 - 2 ล้านบาท', 'Test System', '1101'),
(2, 1, 0, 0, 1, 'show', '2014-08-15 11:31:23', 0, '2014-08-15 11:31:23', 0, 'PonlatasS', 'Sathaporn', '0917416652', 'Akemedis@gmail.com', '1 ห้องนอน', '2 – 2.5 ล้านบาท', 'ขอทราบข้อมูลรายละเอียดของโครงการหน่อยครับ\n\nขอบคุณครับ', '1102'),
(3, 1, 0, 0, 1, 'show', '2014-08-15 11:54:22', 0, '2014-08-15 11:54:22', 0, 'Parithad', 'Petampai', '0854410888', 'parithad.p@realasset.co.th', '1 ห้องนอน', '2 – 2.5 ล้านบาท', 'Test', '1103'),
(4, 1, 0, 0, 1, 'show', '2014-08-15 14:19:49', 0, '2014-08-15 14:19:49', 0, 'thachai', 'srisiri', '0840042875', 'srisiri.tha@gmail.com', '1 ห้องนอน', '2 – 2.5 ล้านบาท', '', '1104'),
(5, 1, 0, 0, 1, 'show', '2014-08-15 20:45:10', 0, '2014-08-15 20:45:10', 0, 'Siriporn', 'Jearrawattanakul ', '0868837040', 'Yingdhu@hotmail.com', '1 ห้องนอน', '1.8 - 2 ล้านบาท', '', '1105'),
(6, 1, 0, 0, 1, 'show', '2014-08-15 20:58:53', 0, '2014-08-15 20:58:53', 0, 'Akarin', 'Boonsombuti', '0807748666', 'akarinb@me.com', '1 ห้องนอน', '2 – 2.5 ล้านบาท', '', '1106'),
(7, 1, 0, 0, 1, 'show', '2014-08-15 22:31:12', 0, '2014-08-15 22:31:12', 0, 'Alan', 'Wong', '0869772708', 'Ediblealan@hotmail.com', '1 ห้องนอน', '2 – 2.5 ล้านบาท', '', '1107'),
(8, 1, 0, 0, 1, 'show', '2014-08-16 19:32:15', 0, '2014-08-16 19:32:15', 0, 'นุกนิก', 'ชฎารักษ์', '0819993604', 'chadarak.s@realasset.co.th', '1 ห้องนอน', '1.8 - 2 ล้านบาท', 'Test ja.', '1108'),
(9, 1, 0, 0, 1, 'show', '2014-08-17 16:38:11', 0, '2014-08-17 16:38:11', 0, 'Supoj', 'Jirawatanaporn', '0899251751', 'derablue@me.com', '2 ห้องนอน', '2 – 2.5 ล้านบาท', '', '1109'),
(10, 1, 0, 0, 1, 'show', '2014-08-18 09:40:15', 0, '2014-08-18 09:40:15', 0, 'พจมาน', 'วรกิจโภคาทร', '0818304972', 'potjaman.vorakitpokathorn@th.knightfrank.com', '1 ห้องนอน', '1.8 - 2 ล้านบาท', 'รบกวนส่งข้อมูล\nแบบห้อง 1 ห้องนอน\nผังชั้น\nราคา เิงินผ่อน\nกำหนดการเสร็จสิ้นโครงการ', '1110'),
(11, 1, 0, 0, 1, 'show', '2014-08-18 10:32:13', 0, '2014-08-18 10:32:13', 0, 'nichaphat', 'kestmanee', '0868895809', 'nichaphat1978@hotmail.com', '1 ห้องนอน', '1.8 - 2 ล้านบาท', '', '1111'),
(12, 1, 0, 0, 1, 'show', '2014-08-18 10:32:40', 0, '2014-08-18 10:32:40', 0, 'kwanhatai', 'Duanchay', '0807726042', 'honhatai@gmail.com', '1 ห้องนอน', '2.5 – 3 ล้านบาท', '', '1112'),
(13, 1, 0, 0, 1, 'show', '2014-08-18 10:44:03', 0, '2014-08-18 10:44:03', 0, 'วัลภา', 'มาศวงษ์ปกรณ์', '0863753522', 'mwanlapa@gmail.com', '1 ห้องนอน', '1.8 - 2 ล้านบาท', 'KFT - TEST', '1113'),
(14, 1, 0, 0, 1, 'show', '2014-08-18 13:27:42', 0, '2014-08-18 13:27:42', 0, 'เชตวัต', 'เวคะวากยานนท์', '0813153737', 'chetawat@hotmail.com', '1 ห้องนอน', '1.8 - 2 ล้านบาท', '', '1114'),
(15, 1, 0, 0, 1, 'show', '2014-08-18 16:41:02', 0, '2014-08-18 16:41:02', 0, 'ตองพล', 'ดาราราช', '0867503444', 'Tongpol.d@me.com', '1 ห้องนอน', '2 – 2.5 ล้านบาท', 'ขอรายละเอียด แปลนโครงการด้วยครับ', '1115'),
(16, 1, 0, 0, 1, 'show', '2014-08-18 16:47:34', 0, '2014-08-18 16:47:34', 0, 'เมธาวี', 'สายัญ', '08180580586', 'ms.kukkik@gmail.com', '1 ห้องนอน', '1.8 - 2 ล้านบาท', 'รบกวนขอแบบเปลนห้องด้วยนะคะ', '1116'),
(17, 1, 0, 0, 1, 'show', '2014-08-18 19:01:54', 0, '2014-08-18 19:01:54', 0, 'Peangpit ', 'Pitakkul', '0830665338', 'eve0929_pp@hotmail.com', '2 ห้องนอน', '2.5 – 3 ล้านบาท', '', '1117'),
(18, 1, 0, 0, 1, 'show', '2014-08-18 23:28:18', 0, '2014-08-18 23:28:18', 0, 'วิมลพรรณ', 'คงสมบูรณ์', '0815807993', 'wimonpunky@gmail.com', '1 ห้องนอน', '1.8 - 2 ล้านบาท', 'สนใจเข้าดูโครงการค่ะ', '1118'),
(19, 1, 0, 0, 1, 'show', '2014-08-19 07:41:13', 0, '2014-08-19 07:41:13', 0, 'ธีรภัทร', 'จันทรกานตานนท์', '0830373323', 'Pilot_symphony@hotmail.com', '2 ห้องนอน', '4.5 – 5 ล้านบาท', '', '1119'),
(20, 1, 0, 0, 1, 'show', '2014-08-19 09:26:02', 0, '2014-08-19 09:26:02', 0, 'สุรเทพ', 'พันธเศรษฐ', '0869570757', 'surathepb@hotmail.com', '1 ห้องนอน', '1.8 - 2 ล้านบาท', 'อยากเห็นภาพ ทั้งโครงการ ทั้งห้องแต่ละขนาด ด้วยครับ \nระยะเวลาก่อสร้างจนแผนที่ตั้งโครงการติดสาธารณูปโภค รถไฟฟ้า รถไฟ ทางด่วน ห้างสรรพสินค้า\nโครงการติดถนนใหญ่หรือเข้าในซอย', '1120'),
(21, 1, 0, 0, 1, 'show', '2014-08-19 10:10:55', 0, '2014-08-19 10:10:55', 0, 'ืnatheerat ', 'namboot', '0853363936', 'natheerat_n@hotmail.com', '1 ห้องนอน', '1.8 - 2 ล้านบาท', '', '1121'),
(22, 1, 0, 0, 1, 'show', '2014-08-19 10:45:06', 0, '2014-08-19 10:45:06', 0, 'สาธิต', 'น้ำจันทร์', '0808085599', 'Satitn@gsb.or.th', '1 ห้องนอน', '1.8 - 2 ล้านบาท', '', '1122'),
(23, 1, 0, 0, 1, 'show', '2014-08-19 11:36:40', 0, '2014-08-19 11:36:40', 0, 'ธนัญรัตน์', 'ทองมี', '0918190851', 'tata033@hotmail.com', '1 ห้องนอน', '1.8 - 2 ล้านบาท', '', '1123'),
(24, 1, 0, 0, 1, 'show', '2014-08-19 15:46:10', 0, '2014-08-19 15:46:10', 0, 'pakanee', 'burutphakdee', '0979958961', 'to_chochang@hotmail.com', '1 ห้องนอน', '1.8 - 2 ล้านบาท', '', '1124'),
(25, 1, 0, 0, 1, 'show', '2014-08-19 21:03:05', 0, '2014-08-19 21:03:05', 0, 'Chutinan', 'Sirivasuvat', '0899686542', 'chutinas@gmail.com', '1 ห้องนอน', '1.8 - 2 ล้านบาท', '', '1125'),
(26, 1, 0, 0, 1, 'show', '2014-08-19 21:16:23', 0, '2014-08-19 21:16:23', 0, 'วิรัชญะ', 'ตวงจารุวินัย', '0819533599', 'Mac0846@gmail.com', '1 ห้องนอน', '5 ล้านขึ้นไป', '', '1126'),
(27, 1, 0, 0, 1, 'show', '2014-08-19 21:29:10', 0, '2014-08-19 21:29:10', 0, 'supat', 'jullaksorn', '0819072088', 'supat.jullaksorn@gmail.com', '2 ห้องนอน', '2 – 2.5 ล้านบาท', '', '1127'),
(28, 1, 0, 0, 1, 'show', '2014-08-19 21:43:35', 0, '2014-08-19 21:43:35', 0, 'Pranee', 'Kor.', '081-6269693', 'pranee_kor@hotmail.com', '1 ห้องนอน', '1.8 - 2 ล้านบาท', 'อยากทราบรายละเอียดโครงการค่ะ', '1128'),
(29, 1, 0, 0, 1, 'show', '2014-08-19 22:08:41', 0, '2014-08-19 22:08:41', 0, 'ธนพร ', 'พิทักษ์วารินทร์', '0817821881', 'rewlew07@gmail.com', '1 ห้องนอน', '1.8 - 2 ล้านบาท', '', '1129'),
(30, 1, 0, 0, 1, 'show', '2014-08-19 22:43:25', 0, '2014-08-19 22:43:25', 0, 'มนัสธิดา', 'ศิลาโชติ', '0852944933', 'kimita_love2@hotmail.com', '1 ห้องนอน', '1.8 - 2 ล้านบาท', '', '1130'),
(31, 1, 0, 0, 1, 'show', '2014-08-19 23:03:07', 0, '2014-08-19 23:03:07', 0, 'Narongsak', 'Ngamamornpirat', '0869425414', 'narongsak.n@kubota.com', '1 ห้องนอน', '1.8 - 2 ล้านบาท', '', '1131'),
(32, 1, 0, 0, 1, 'show', '2014-08-20 03:35:03', 0, '2014-08-20 03:35:03', 0, 'แต็ก', 'ศราวุธ', '0831158962', 'Srawut.but@hotmail.com', '2 ห้องนอน', '2 – 2.5 ล้านบาท', '', '1132'),
(33, 1, 0, 0, 1, 'show', '2014-08-20 03:35:03', 0, '2014-08-20 03:35:03', 0, 'แต็ก', 'ศราวุธ', '0831158962', 'Srawut.but@hotmail.com', '2 ห้องนอน', '2 – 2.5 ล้านบาท', '', '1133'),
(34, 1, 0, 0, 1, 'show', '2014-08-20 03:41:07', 0, '2014-08-20 03:41:07', 0, 'Jirapreeya', 'Machuay', '0918801378', 'Jirapreeyamac@hotmail.co.th', '2 ห้องนอน', '1.8 - 2 ล้านบาท', '', '1134'),
(35, 1, 0, 0, 1, 'show', '2014-08-20 03:43:35', 0, '2014-08-20 03:43:35', 0, 'sakda', 'nithipat', '0933293188', 'sakda13678@gmail.com', '2 ห้องนอน', '1.8 - 2 ล้านบาท', '', '1135'),
(36, 1, 0, 0, 1, 'show', '2014-08-20 05:18:57', 0, '2014-08-20 05:18:57', 0, 'Puttarawut', 'Tumvised', '0859765750', 'p.tumvised@hotmail.com', '2 ห้องนอน', '2.5 – 3 ล้านบาท', '', '1136'),
(37, 1, 0, 0, 1, 'show', '2014-08-20 05:29:40', 0, '2014-08-20 05:29:40', 0, 'นายรักษ์', 'พิทักษ์อำนวย', '087-512-5550', 'rak.p@egat.co.th', '1 ห้องนอน', '1.8 - 2 ล้านบาท', '', '1137'),
(38, 1, 0, 0, 1, 'show', '2014-08-20 10:03:44', 0, '2014-08-20 10:03:44', 0, 'หรัณ', 'กนกวลีวงศ์', '66886555399', 'harunk@scg.co.th', '1 ห้องนอน', '1.8 - 2 ล้านบาท', 'สนใจห้องร้านค้าด้วย', '1138'),
(39, 1, 0, 0, 1, 'show', '2014-08-20 16:47:02', 0, '2014-08-20 16:47:02', 0, 'Supapun', 'Thanomsat', '089-204-4433', 'thsupapun@cpn.co.th', '2 ห้องนอน', '2.5 – 3 ล้านบาท', '', '1139'),
(40, 1, 0, 0, 1, 'show', '2014-08-20 16:47:05', 0, '2014-08-20 16:47:05', 0, 'Supapun', 'Thanomsat', '089-204-4433', 'thsupapun@cpn.co.th', '2 ห้องนอน', '2.5 – 3 ล้านบาท', '', '1140'),
(41, 1, 0, 0, 1, 'show', '2014-08-20 17:46:38', 0, '2014-08-20 17:46:38', 0, 'สาริศา', 'เกตุวรสุนทร', '095-5350535', 'salintak@scg.co.th', '1 ห้องนอน', '1.8 - 2 ล้านบาท', '', '1141'),
(42, 1, 0, 0, 1, 'show', '2014-08-20 19:29:13', 0, '2014-08-20 19:29:13', 0, 'ฐิติมา', 'รัตนรุ่งชัยนนท์', '0818293202', 'aneurosx@gmail.com', '1 ห้องนอน', '1.8 - 2 ล้านบาท', '', '1142'),
(43, 1, 0, 0, 1, 'show', '2014-08-20 20:26:43', 0, '2014-08-20 20:26:43', 0, 'Pichaya', 'Araya', '0876543647', 'No_o26@hotmail.co.th', '1 ห้องนอน', '1.8 - 2 ล้านบาท', '', '1143'),
(44, 1, 0, 0, 1, 'show', '2014-08-20 20:26:44', 0, '2014-08-20 20:26:44', 0, 'Pichaya', 'Araya', '0876543647', 'No_o26@hotmail.co.th', '1 ห้องนอน', '1.8 - 2 ล้านบาท', '', '1144'),
(45, 1, 0, 0, 1, 'show', '2014-08-20 20:26:45', 0, '2014-08-20 20:26:45', 0, 'Pichaya', 'Araya', '0876543647', 'No_o26@hotmail.co.th', '1 ห้องนอน', '1.8 - 2 ล้านบาท', '', '1145'),
(46, 1, 0, 0, 1, 'show', '2014-08-20 21:10:16', 0, '2014-08-20 21:10:16', 0, 'เธียรชัย', 'ปรียชาติวิจิตร', '0813146887', 'thienchai999@gmail.com', '1 ห้องนอน', '1.8 - 2 ล้านบาท', '', '1146'),
(47, 1, 0, 0, 1, 'show', '2014-08-21 00:43:31', 0, '2014-08-21 00:43:31', 0, 'Mongkol', 'Phanrattanamala', '0815847998', 'P_mongkola@yahoo.com', '1 ห้องนอน', '1.8 - 2 ล้านบาท', '', '1147'),
(48, 1, 0, 0, 1, 'show', '2014-08-21 04:59:04', 0, '2014-08-21 04:59:04', 0, 'ฉวีวรรณ์ ธีรานุตร', 'ธีรานุตร', '0814387360', 'chaweewon434@yahoo.com', '1 ห้องนอน', '1.8 - 2 ล้านบาท', '', '1148'),
(49, 1, 0, 0, 1, 'show', '2014-08-21 12:13:55', 0, '2014-08-21 12:13:55', 0, 'เกรียงศักดิ์', 'หาญปิยนันท์', '0866681605', 'kreang.sak@hotmail.com', '1 ห้องนอน', '2 – 2.5 ล้านบาท', '', '1149'),
(50, 1, 0, 0, 1, 'show', '2014-08-21 13:48:00', 0, '2014-08-21 13:48:00', 0, ' วิชัย', 'รักศิริกุล', '0879841950', 'rakairikul@gmail.com', '1 ห้องนอน', '1.8 - 2 ล้านบาท', ' สนใจครับ', '1150'),
(51, 1, 0, 0, 1, 'show', '2014-08-21 14:19:10', 0, '2014-08-21 14:19:10', 0, 'Tawee ', 'Ruchdapornkul', '0818681845', 'tawee845@gmail.com', '1 ห้องนอน', '1.8 - 2 ล้านบาท', '', '1151'),
(52, 1, 0, 0, 1, 'show', '2014-08-21 15:13:51', 0, '2014-08-21 15:13:51', 0, 'ศศิธร', 'ฉันทะสิงห์', '0909703985', 'escudo_quite@hotmail.com', '1 ห้องนอน', '1.8 - 2 ล้านบาท', '', '1152'),
(53, 1, 0, 0, 1, 'show', '2014-08-21 15:46:31', 0, '2014-08-21 15:46:31', 0, 'อุดมศรี ', 'ใหญ่อยู่', '0814258841', 'udomsri.y@crownproperty.or.th', '2 ห้องนอน', '1.8 - 2 ล้านบาท', '', '1153'),
(54, 1, 0, 0, 1, 'show', '2014-08-21 16:08:03', 0, '2014-08-21 16:08:03', 0, 'สิทธิศักดิ์', 'ไชยสุข', '0873587323', 'ch.sitt@gmail.com', '1 ห้องนอน', '1.8 - 2 ล้านบาท', '', '1154'),
(55, 1, 0, 0, 1, 'show', '2014-08-21 16:11:45', 0, '2014-08-21 16:11:45', 0, 'Somkiat ', 'Sirikiratikul', '0946916595', 'sktbobskt9999@gmail.com', '1 ห้องนอน', '1.8 - 2 ล้านบาท', '', '1155'),
(56, 1, 0, 0, 1, 'show', '2014-08-21 16:11:47', 0, '2014-08-21 16:11:47', 0, 'Somkiat ', 'Sirikiratikul', '0946916595', 'sktbobskt9999@gmail.com', '1 ห้องนอน', '1.8 - 2 ล้านบาท', '', '1156'),
(57, 1, 0, 0, 1, 'show', '2014-08-21 16:24:39', 0, '2014-08-21 16:24:39', 0, 'มีนา', 'จิวะนันทประวัติ', '0918845456', 'aristotle_30030@hotmail.com', '1 ห้องนอน', '1.8 - 2 ล้านบาท', '', '1157'),
(58, 1, 0, 0, 1, 'show', '2014-08-21 17:02:05', 0, '2014-08-21 17:02:05', 0, 'จุฑารัตน์', 'แซ่ลี้', '0846723194', 'zjutarat@hotmail.com', '2 ห้องนอน', '1.8 - 2 ล้านบาท', '', '1158'),
(59, 1, 0, 0, 1, 'show', '2014-08-21 18:03:19', 0, '2014-08-21 18:03:19', 0, 'นายวิทูร', 'จรัญศิริไพศาล', '0803332827', 'vitoon2011@windowslive.com', '1 ห้องนอน', '1.8 - 2 ล้านบาท', '', '1159'),
(60, 1, 0, 0, 1, 'show', '2014-08-21 18:47:00', 0, '2014-08-21 18:47:00', 0, 'ธีรศักดิ์', 'กสิณสันต์', '0872159000', 'kasinsan@gmail.com', '1 ห้องนอน', '1.8 - 2 ล้านบาท', '', '1160'),
(61, 1, 0, 0, 1, 'show', '2014-08-21 18:48:05', 0, '2014-08-21 18:48:05', 0, 'Ritnarong ', 'Donchalearmpuk ', '0817518260', 'Ritecon33@hotmail.com', '1 ห้องนอน', '2 – 2.5 ล้านบาท', '', '1161'),
(62, 1, 0, 0, 1, 'show', '2014-08-21 20:05:23', 0, '2014-08-21 20:05:23', 0, 'KRIT', 'DENRASAMITHEP', '0809282226', 'a.krit.dnr@gmail.com', '1 ห้องนอน', '2 – 2.5 ล้านบาท', '', '1162'),
(63, 1, 0, 0, 1, 'show', '2014-08-21 20:06:19', 0, '2014-08-21 20:06:19', 0, 'Chonlathorn', 'Athisaitrakul', '0809282225', 'pearpim@hotmail.com', '1 ห้องนอน', '2 – 2.5 ล้านบาท', '', '1163'),
(64, 1, 0, 0, 1, 'show', '2014-08-21 20:12:08', 0, '2014-08-21 20:12:08', 0, 'พรวิไล', 'ตรีเหลา', '0914656659', 'gang_bmt@hotmail.com', '1 ห้องนอน', '1.8 - 2 ล้านบาท', '', '1164'),
(65, 1, 0, 0, 1, 'show', '2014-08-21 20:39:08', 0, '2014-08-21 20:39:08', 0, 'สุกัญญา', 'ผึ่งแผ่', '0877957001', 'ultra_nam@hotmail.com', '1 ห้องนอน', '1.8 - 2 ล้านบาท', '', '1165'),
(66, 1, 0, 0, 1, 'show', '2014-08-21 20:54:46', 0, '2014-08-21 20:54:46', 0, 'Pakorn', 'Mek', '0816197729', 'aod_social@hotmail.com', '1 ห้องนอน', '2.5 – 3 ล้านบาท', '', '1166'),
(67, 1, 0, 0, 1, 'show', '2014-08-21 21:17:52', 0, '2014-08-21 21:17:52', 0, 'วรณัน', 'อรรถแสงศรี', '0817437464', 'voranan_a@hotmail.com', '1 ห้องนอน', '1.8 - 2 ล้านบาท', '', '1167'),
(68, 1, 0, 0, 1, 'show', '2014-08-21 21:29:47', 0, '2014-08-21 21:29:47', 0, 'ดิเรก', 'พลายยงค์', '0811926756', 'rek_35@hotmail.com', '1 ห้องนอน', '1.8 - 2 ล้านบาท', '', '1168'),
(69, 1, 0, 0, 1, 'show', '2014-08-21 21:59:05', 0, '2014-08-21 21:59:05', 0, 'Duangjai', 'Santavanond', '0814580670', 'kalwinda_2000@yahoo.com', '1 ห้องนอน', '1.8 - 2 ล้านบาท', '', '1169'),
(70, 1, 0, 0, 1, 'show', '2014-08-21 22:02:44', 0, '2014-08-21 22:02:44', 0, 'เอกพงศ์', 'จิตชาญวิชัย', '0861851062', 'ekkaphong.j@gmail.com', '2 ห้องนอน', '3.5 – 4 ล้านบาท', '', '1170'),
(71, 1, 0, 0, 1, 'show', '2014-08-21 22:06:28', 0, '2014-08-21 22:06:28', 0, 'คมกริช', 'โกวิท', '0000000000', 'KhomkritK@outlook.com', '2 ห้องนอน', '3.5 – 4 ล้านบาท', 'ติดต่อผ่าน E-mail เท่านั้น\nขอบคุณครับ', '1171'),
(72, 1, 0, 0, 1, 'show', '2014-08-21 22:12:04', 0, '2014-08-21 22:12:04', 0, 'Tanate', 'Parnaum', '0826164526', 'chaicoolstar@gmail.com', '1 ห้องนอน', '2 – 2.5 ล้านบาท', '', '1172'),
(73, 1, 0, 0, 1, 'show', '2014-08-21 22:14:56', 0, '2014-08-21 22:14:56', 0, 'อาทิตย์', 'ศักดิ์รัตนมาศ', '0819296877', 'Mm_sun4@yahoo.com', '1 ห้องนอน', '1.8 - 2 ล้านบาท', '', '1173'),
(74, 1, 0, 0, 1, 'show', '2014-08-21 22:38:49', 0, '2014-08-21 22:38:49', 0, 'Wasana', 'Samosorn', '0898666120', 'Kungwasana@gmail.com', '1 ห้องนอน', '1.8 - 2 ล้านบาท', '', '1174'),
(75, 1, 0, 0, 1, 'show', '2014-08-21 23:04:35', 0, '2014-08-21 23:04:35', 0, 'Jirayut', 'Poomontre', '0813130115', 'j.poomontre@yahoo.com', '1 ห้องนอน', '1.8 - 2 ล้านบาท', '', '1175'),
(76, 1, 0, 0, 1, 'show', '2014-08-21 23:20:27', 0, '2014-08-21 23:20:27', 0, 'ฐิติมา', 'ตั้งเกียรติตระกูล', '0877935248', 'thitima5248@gmail.com', '1 ห้องนอน', '1.8 - 2 ล้านบาท', '', '1176'),
(77, 1, 0, 0, 1, 'show', '2014-08-22 00:16:20', 0, '2014-08-22 00:16:20', 0, 'Anubut Sangarasri', 'Sangarasri', '0854754769', 'thelittlechild@gmail.com', '1 ห้องนอน', '2.5 – 3 ล้านบาท', '', '1177'),
(78, 1, 0, 0, 1, 'show', '2014-08-22 01:08:06', 0, '2014-08-22 01:08:06', 0, 'ณัฏฐพงศ์', 'สอนสุวิทย์', '0818195359', 'nuttaphong_s@hotmail.com', '1 ห้องนอน', '1.8 - 2 ล้านบาท', '', '1178'),
(79, 1, 0, 0, 1, 'show', '2014-08-22 01:33:13', 0, '2014-08-22 01:33:13', 0, 'Varakorn', 'Sukkitjey', '0866224165', 'Avarakorn27@gmail.com', '1 ห้องนอน', '1.8 - 2 ล้านบาท', '', '1179'),
(80, 1, 0, 0, 1, 'show', '2014-08-22 07:53:52', 0, '2014-08-22 07:53:52', 0, 'Phatcharadhan', 'Phonakkarawat', '0814559995', 'Phatcharadhan.phonakkarawat@gmail.com', '1 ห้องนอน', '1.8 - 2 ล้านบาท', '', '1180'),
(81, 1, 0, 0, 1, 'show', '2014-08-22 09:18:40', 0, '2014-08-22 09:18:40', 0, 'sarut', 'amnuaypol', '0814079286', 'dr.s8288@hotmail.com', '1 ห้องนอน', '1.8 - 2 ล้านบาท', '', '1181'),
(82, 1, 0, 0, 1, 'show', '2014-08-22 09:19:08', 0, '2014-08-22 09:19:08', 0, 'sarut', 'amnuaypol', '0814079286', 'dr.s8288@hotmail.com', '1 ห้องนอน', '1.8 - 2 ล้านบาท', '', '1182'),
(83, 1, 0, 0, 1, 'show', '2014-08-22 09:50:47', 0, '2014-08-22 09:50:47', 0, 'ธีรพงศ์', 'ศุภวิวัฒน์', '0818145955', 'm-theerapong@hotmail.com', '1 ห้องนอน', '1.8 - 2 ล้านบาท', '', '1183'),
(84, 1, 0, 0, 1, 'show', '2014-08-22 09:55:56', 0, '2014-08-22 09:55:56', 0, 'จิตรลดา', 'อินทรประสิทธิ์', '0846922269', 'chitladaintaraprasit@gmail.com', '1 ห้องนอน', '1.8 - 2 ล้านบาท', '', '1184'),
(85, 1, 0, 0, 1, 'show', '2014-08-22 10:05:15', 0, '2014-08-22 10:05:15', 0, 'นภัทร', 'ปุระปัญญา', '0897802200', 'pura1981@gmail.com', '1 ห้องนอน', '1.8 - 2 ล้านบาท', '', '1185'),
(86, 1, 0, 0, 1, 'show', '2014-08-22 10:35:43', 0, '2014-08-22 10:35:43', 0, 'vichai', 'rattanakit', '0863942022', 'ratt22071959@yahoo.com', '2 ห้องนอน', '2 – 2.5 ล้านบาท', '', '1186'),
(87, 1, 0, 0, 1, 'show', '2014-08-22 10:59:21', 0, '2014-08-22 10:59:21', 0, 'Pichet', 'Sientai', '0898571111', 'p_123@hotmail.com', '1 ห้องนอน', '1.8 - 2 ล้านบาท', '', '1187'),
(88, 1, 0, 0, 1, 'show', '2014-08-22 11:02:38', 0, '2014-08-22 11:02:38', 0, 'Areek', 'Korkerd', '0876711640', 'Pomculat@hotmail.com', '1 ห้องนอน', '2.5 – 3 ล้านบาท', '', '1188'),
(89, 1, 0, 0, 1, 'show', '2014-08-22 11:21:59', 0, '2014-08-22 11:21:59', 0, 'เจริญชัย', 'โรจน์วิขขา', '0859512444', 'rojwitchanong@yahoo.com', '1 ห้องนอน', '1.8 - 2 ล้านบาท', '', '1189'),
(90, 1, 0, 0, 1, 'show', '2014-08-22 11:35:48', 0, '2014-08-22 11:35:48', 0, 'ชลดา', 'เนียมเนตร์', '0870255206', 'c.neamnate@hotmail.com', '1 ห้องนอน', '2 – 2.5 ล้านบาท', '', '1190'),
(91, 1, 0, 0, 1, 'show', '2014-08-22 12:20:09', 0, '2014-08-22 12:20:09', 0, 'pakorn', 'suwanragsa', '0896994488', 'beking113@hotmail.com', '1 ห้องนอน', '1.8 - 2 ล้านบาท', '', '1191'),
(92, 1, 0, 0, 1, 'show', '2014-08-22 12:27:30', 0, '2014-08-22 12:27:30', 0, 'surachai', 'kaewpichai', '0863279786', 'oonrukfamily@hotmail.com', '1 ห้องนอน', '1.8 - 2 ล้านบาท', '', '1192'),
(93, 1, 0, 0, 1, 'show', '2014-08-22 12:29:35', 0, '2014-08-22 12:29:35', 0, 'arwut', 'nitiphon', '0843873747', 'arwut.ni@gmail.com', '1 ห้องนอน', '1.8 - 2 ล้านบาท', '', '1193'),
(94, 1, 0, 0, 1, 'show', '2014-08-22 13:49:36', 0, '2014-08-22 13:49:36', 0, 'Thanitanun', 'Viteejongjareon', '0891233380', 'pinkynanny@gmail.com', '2 ห้องนอน', '2.5 – 3 ล้านบาท', '', '1194'),
(95, 1, 0, 0, 1, 'show', '2014-08-22 14:12:35', 0, '2014-08-22 14:12:35', 0, 'ปิยธิดา', 'พลเคน', '085-8389406', 'namwan_pol@hotmail.com', '1 ห้องนอน', '1.8 - 2 ล้านบาท', '', '1195'),
(96, 1, 0, 0, 1, 'show', '2014-08-22 14:55:52', 0, '2014-08-22 14:55:52', 0, 'Ekanit', 'Kaowsuwan', '0918811929', 'simplify.alife@gmail.com', '1 ห้องนอน', '2 – 2.5 ล้านบาท', '', '1196'),
(97, 1, 0, 0, 1, 'show', '2014-08-22 16:00:35', 0, '2014-08-22 16:00:35', 0, 'Kesorn', 'Nilaphat', '0823449894', 'forzaa.kezz@msn.com', '1 ห้องนอน', '2.5 – 3 ล้านบาท', '', '1197'),
(98, 1, 0, 0, 1, 'show', '2014-08-22 16:38:07', 0, '2014-08-22 16:38:07', 0, 'Phattharoj', 'Viriyathanachai', '0875754321', 'dj_get_high@windowslive.com', '2 ห้องนอน', '2.5 – 3 ล้านบาท', 'ขอลายระเอียดด้วยครับ', '1198'),
(99, 1, 0, 0, 1, 'show', '2014-08-22 17:14:57', 0, '2014-08-22 17:14:57', 0, 'Suratsa', 'Thongmee', '0866068886', 'roman_tig@yahoo.com', '1 ห้องนอน', '2 – 2.5 ล้านบาท', '', '1199'),
(100, 1, 0, 0, 1, 'show', '2014-08-22 17:24:49', 0, '2014-08-22 17:24:49', 0, 'Jeeradech', 'Mungtaison', '0939348557', 'Gradech@yahoo.com', '1 ห้องนอน', '2 – 2.5 ล้านบาท', '', '1200'),
(101, 1, 0, 0, 1, 'show', '2014-08-22 17:24:56', 0, '2014-08-22 17:24:56', 0, 'Jeeradech', 'Mungtaison', '0939348557', 'Gradech@yahoo.com', '1 ห้องนอน', '2 – 2.5 ล้านบาท', '', '1201'),
(102, 1, 0, 0, 1, 'show', '2014-08-22 18:10:28', 0, '2014-08-22 18:10:28', 0, 'สุขวิทย์', 'ทวีสิน', '0891231974', 'sukawit@gmail.com', '2 ห้องนอน', '2.5 – 3 ล้านบาท', '', '1202'),
(103, 1, 0, 0, 1, 'show', '2014-08-22 19:01:02', 0, '2014-08-22 19:01:02', 0, 'อรทัย', 'ยะมา', '0811719121', 'mamoyama@gmail.com', '1 ห้องนอน', '2 – 2.5 ล้านบาท', '', '1203'),
(104, 1, 0, 0, 1, 'show', '2014-08-22 20:31:48', 0, '2014-08-22 20:31:48', 0, 'Chitgritj', 'Peungsugk', '0819468908', 'jumchitgritj@gmail.com', '1 ห้องนอน', '2 – 2.5 ล้านบาท', '', '1204'),
(105, 1, 0, 0, 1, 'show', '2014-08-22 23:34:43', 0, '2014-08-22 23:34:43', 0, 'Krit', 'Tiranaprakit', '0894983535', 'T_krit@hotmail.com', '1 ห้องนอน', '2 – 2.5 ล้านบาท', '', '1205'),
(106, 1, 0, 0, 1, 'show', '2014-08-23 07:21:31', 0, '2014-08-23 07:21:31', 0, 'Panisara', 'Nantawong', '0927465624', 'moccachacha@gmail.com', '1 ห้องนอน', '2 – 2.5 ล้านบาท', '', '1206'),
(107, 1, 0, 0, 1, 'show', '2014-08-23 07:40:04', 0, '2014-08-23 07:40:04', 0, 'jessada', 'chumnanpa', '0841358777', 'c_jessada@hotmail.com', '1 ห้องนอน', '2 – 2.5 ล้านบาท', '', '1207'),
(108, 1, 0, 0, 1, 'show', '2014-08-23 09:49:47', 0, '2014-08-23 09:49:47', 0, 'Poothep', 'Donthuam', '0815475478', 'poothep1503@gmail.com', '1 ห้องนอน', '2 – 2.5 ล้านบาท', '', '1208'),
(109, 1, 0, 0, 1, 'show', '2014-08-23 10:32:59', 0, '2014-08-23 10:32:59', 0, 'Yuwathida', 'Sirirat', '0813833044', 'yuwathida.s@hotmail.com', '2 ห้องนอน', '2.5 – 3 ล้านบาท', 'รบกวนส่งเมลแจ้งกลับ ด้วยนะค่ะ ขอบคุณค่ะ', '1209'),
(110, 1, 0, 0, 1, 'show', '2014-08-23 12:07:33', 0, '2014-08-23 12:07:33', 0, 'มัสชุลี', 'ก่อเกิด', '0846575290', 'Masstams08@gmail.com', '1 ห้องนอน', '2.5 – 3 ล้านบาท', '', '1210'),
(111, 1, 0, 0, 1, 'show', '2014-08-23 12:07:34', 0, '2014-08-23 12:07:34', 0, 'มัสชุลี', 'ก่อเกิด', '0846575290', 'Masstams08@gmail.com', '1 ห้องนอน', '2.5 – 3 ล้านบาท', '', '1211'),
(112, 1, 0, 0, 1, 'show', '2014-08-23 12:50:23', 0, '2014-08-23 12:50:23', 0, 'Apinun ', 'jirakomate', '0897772959', 'madadayol@gmail.com', '2 ห้องนอน', '3.5 – 4 ล้านบาท', '', '1212'),
(113, 1, 0, 0, 1, 'show', '2014-08-23 14:36:55', 0, '2014-08-23 14:36:55', 0, 'Thtipong', 'Nimjarunevan', '0891533799', 'niknek@gmail.com', '1 ห้องนอน', '2 – 2.5 ล้านบาท', '', '1213'),
(114, 1, 0, 0, 1, 'show', '2014-08-23 15:06:59', 0, '2014-08-23 15:06:59', 0, 'porpen', 'lortong', '0865071996', 'a_lortong@hotmail.com', '1 ห้องนอน', '2 – 2.5 ล้านบาท', 'ขอรายละเอียดทางเมลล์เพิ่มค่ะ', '1214'),
(115, 1, 0, 0, 1, 'show', '2014-08-23 15:12:47', 0, '2014-08-23 15:12:47', 0, 'pongpat', 'LengLeng', '0875181918', 'pongpat@ananda.co.th', '2 ห้องนอน', '3.5 – 4 ล้านบาท', '', '1215'),
(116, 1, 0, 0, 1, 'show', '2014-08-23 15:14:48', 0, '2014-08-23 15:14:48', 0, 'nirand', 'Juju', '0863933053', 'nirand@ananda.co.th', '1 ห้องนอน', '2.5 – 3 ล้านบาท', '', '1216'),
(117, 1, 0, 0, 1, 'show', '2014-08-23 15:54:37', 0, '2014-08-23 15:54:37', 0, 'Waraphong', 'Bunsree', '0863648672', 'ballrinho@gmail.com', '2 ห้องนอน', '2.5 – 3 ล้านบาท', '', '1217'),
(118, 1, 0, 0, 1, 'show', '2014-08-23 17:17:48', 0, '2014-08-23 17:17:48', 0, 'สมศักดิ์', 'ฐิติธนชาต', '0898940505', 'Somsak.thi@egat.co.th', '1 ห้องนอน', '2 – 2.5 ล้านบาท', '', '1218'),
(119, 1, 0, 0, 1, 'show', '2014-08-23 17:23:13', 0, '2014-08-23 17:23:13', 0, 'Thoutchhanon', 'Markkhong', '0897322251', 'backpackertripper@windowslive.com', '1 ห้องนอน', '2 – 2.5 ล้านบาท', '', '1219'),
(120, 1, 0, 0, 1, 'show', '2014-08-23 18:07:19', 0, '2014-08-23 18:07:19', 0, 'Punlop', 'Autanisasuk', '0894516574', 'loves_andy@hotmail.com', '1 ห้องนอน', '2.5 – 3 ล้านบาท', '', '1220'),
(121, 1, 0, 0, 1, 'show', '2014-08-23 18:19:20', 0, '2014-08-23 18:19:20', 0, 'Patcharanun ', 'Wongpiwat', '0863965539', 'patcharanun@yahoo.com', '2 ห้องนอน', '2.5 – 3 ล้านบาท', '', '1221'),
(122, 1, 0, 0, 1, 'show', '2014-08-23 18:24:55', 0, '2014-08-23 18:24:55', 0, 'พธรชนก', 'เทศสนั่น', '0892225462', 'phchanok@gmail.com', '1 ห้องนอน', '2 – 2.5 ล้านบาท', '', '1222'),
(123, 1, 0, 0, 1, 'show', '2014-08-23 18:27:05', 0, '2014-08-23 18:27:05', 0, 'songsak', 'phinmuangthong', '0832488989', 'ick_q007@yahoo.com', '1 ห้องนอน', '2 – 2.5 ล้านบาท', '', '1223'),
(124, 1, 0, 0, 1, 'show', '2014-08-23 18:27:41', 0, '2014-08-23 18:27:41', 0, 'songsak', 'phinmuangthong', '0832488989', 'ick_q007@yahoo.com', '1 ห้องนอน', '2 – 2.5 ล้านบาท', '', '1224'),
(125, 1, 0, 0, 1, 'show', '2014-08-23 19:20:54', 0, '2014-08-23 19:20:54', 0, 'Mutta', 'Krid', '0816474023', 'Muttalath@yahoo.com', '2 ห้องนอน', '3.5 – 4 ล้านบาท', '', '1225'),
(126, 1, 0, 0, 1, 'show', '2014-08-23 19:31:15', 0, '2014-08-23 19:31:15', 0, 'ekkawat', 'K', '0818804413', 'ekkawatk@hotmail.com', '2 ห้องนอน', '3.5 – 4 ล้านบาท', '', '1226'),
(127, 1, 0, 0, 1, 'show', '2014-08-23 20:07:37', 0, '2014-08-23 20:07:37', 0, 'somlak', 'hoewiriyakul', '0873620008', 'somlak20@hotmail.com', '1 ห้องนอน', '2 – 2.5 ล้านบาท', '', '1227'),
(128, 1, 0, 0, 1, 'show', '2014-08-23 20:10:05', 0, '2014-08-23 20:10:05', 0, 'Surasak', 'Thoranasoonthorn', '0801064448', 'surasak-t@tbsc.co.th', '1 ห้องนอน', '2 – 2.5 ล้านบาท', '', '1228'),
(129, 1, 0, 0, 1, 'show', '2014-08-23 20:12:22', 0, '2014-08-23 20:12:22', 0, 'Kunjanarut ', 'Tunsiravoragul', '0819888404', 'whiteclean23@gmail.com', '1 ห้องนอน', '2 – 2.5 ล้านบาท', '', '1229'),
(130, 1, 0, 0, 1, 'show', '2014-08-23 20:59:10', 0, '2014-08-23 20:59:10', 0, 'Theerayut', 'Tiangnoi', '0893053394', 't.theerayut09@gmail.com', '1 ห้องนอน', '2 – 2.5 ล้านบาท', '', '1230'),
(131, 1, 0, 0, 1, 'show', '2014-08-23 21:10:39', 0, '2014-08-23 21:10:39', 0, 'paritas', 'keursri', '0918859451', 'scrollrocky@gmail.com', '1 ห้องนอน', '2 – 2.5 ล้านบาท', '', '1231'),
(132, 1, 0, 0, 1, 'show', '2014-08-23 21:16:34', 0, '2014-08-23 21:16:34', 0, 'Ponlathorn', 'Ploylearmsang', '0879731777', 'ponlathorn.p@gmail.com', '1 ห้องนอน', '2 – 2.5 ล้านบาท', '', '1232'),
(133, 1, 0, 0, 1, 'show', '2014-08-23 22:14:40', 0, '2014-08-23 22:14:40', 0, 'narucha', 'sungkhachat', '0818258603', 'toonarucha@hotmail.com', '1 ห้องนอน', '2 – 2.5 ล้านบาท', '', '1233'),
(134, 1, 0, 0, 1, 'show', '2014-08-23 22:17:43', 0, '2014-08-23 22:17:43', 0, 'Suchawadee', 'Srisawad', '0857335463', 'hanae_n@hotmail.com', '1 ห้องนอน', '2 – 2.5 ล้านบาท', '', '1234'),
(135, 1, 0, 0, 1, 'show', '2014-08-23 23:04:42', 0, '2014-08-23 23:04:42', 0, 'กนกอร', 'สืบสิน', '0869411523', 'k.suebsin@outlook.com', '1 ห้องนอน', '2 – 2.5 ล้านบาท', '', '1235'),
(136, 1, 0, 0, 1, 'show', '2014-08-24 08:46:37', 0, '2014-08-24 08:46:37', 0, 'KOMKRIT', 'KHUEIWONG', '0879833125', 'Khueiwong_pp@hotmail.com', '1 ห้องนอน', '2.5 – 3 ล้านบาท', '', '1236'),
(137, 1, 0, 0, 1, 'show', '2014-08-24 11:38:45', 0, '2014-08-24 11:38:45', 0, 'วิลาสินี', 'จันทรเดช', '0896506164', 'mai-bear@hotmail.com', '1 ห้องนอน', '2 – 2.5 ล้านบาท', '', '1237'),
(138, 1, 0, 0, 1, 'show', '2014-08-24 11:44:58', 0, '2014-08-24 11:44:58', 0, 'panurak', 'deenoo', '0863565742', 'd.panurak@gmail.com', '1 ห้องนอน', '2 – 2.5 ล้านบาท', '', '1238'),
(139, 1, 0, 0, 1, 'show', '2014-08-24 13:49:51', 0, '2014-08-24 13:49:51', 0, 'Suchart', 'Tongkesorn', '0830768855', 'aeolusz96@gmail.com', '1 ห้องนอน', '2.5 – 3 ล้านบาท', 'สนใจเป็นห้องแบบ 1ห้องนอน ขนาด 40 sq.m++ อยู่ระหว่างชั้น 3-7 ครับ', '1239'),
(140, 1, 0, 0, 1, 'show', '2014-08-24 15:04:36', 0, '2014-08-24 15:04:36', 0, 'Arunsri ', 'Limpananaktong', '0872667929', 'arunsri_00@hotmail.com', '2 ห้องนอน', '2 – 2.5 ล้านบาท', '', '1240'),
(141, 1, 0, 0, 1, 'show', '2014-08-24 17:16:20', 0, '2014-08-24 17:16:20', 0, 'ภัทราภรณ์', 'ขวัญไกรศิริ', '0898933534', 'L-mochii@live.com', '1 ห้องนอน', '2 – 2.5 ล้านบาท', '', '1241'),
(142, 1, 0, 0, 1, 'show', '2014-08-24 20:56:33', 0, '2014-08-24 20:56:33', 0, 'ณิชาดา ', 'จินดาวิชัย', '0897896220', 'nchai09@hotmail.com', '1 ห้องนอน', '2 – 2.5 ล้านบาท', 'สนใจ 2 ห้องนอน ด้วยคะ อยากทราบ floor plan , layout  \n ', '1242'),
(143, 1, 0, 0, 1, 'show', '2014-08-24 21:08:27', 0, '2014-08-24 21:08:27', 0, 'KOMSAK', 'RATIWUT', '0866966990', 'komsak@outlook.com', '1 ห้องนอน', '2 – 2.5 ล้านบาท', '', '1243'),
(144, 1, 0, 0, 1, 'show', '2014-08-24 22:09:33', 0, '2014-08-24 22:09:33', 0, 'เอกพล', 'สินไชย', '0869600274', 's.eakapon@gmail.com', '1 ห้องนอน', '2 – 2.5 ล้านบาท', '', '1244'),
(145, 1, 0, 0, 1, 'show', '2014-08-24 22:09:49', 0, '2014-08-24 22:09:49', 0, 'นพวรรณ', 'รักษมาตา', '0817019917', 'orn_ornny@hotmail.com', '2 ห้องนอน', '3.5 – 4 ล้านบาท', '', '1245'),
(146, 1, 0, 0, 1, 'show', '2014-08-24 22:34:26', 0, '2014-08-24 22:34:26', 0, 'พิศิษฎ์', 'จิรรุ่งโรจน์', '0859570444', 'pisithj@gmail.com', '1 ห้องนอน', '2 – 2.5 ล้านบาท', '', '1246'),
(147, 1, 0, 0, 1, 'show', '2014-08-24 23:02:04', 0, '2014-08-24 23:02:04', 0, 'Yongyos', 'Phol', '0865669111', 'yongyosp@scg.co.th', '2 ห้องนอน', '4.5 – 5 ล้านบาท', '', '1247'),
(148, 1, 0, 0, 1, 'show', '2014-08-24 23:04:28', 0, '2014-08-24 23:04:28', 0, 'กมนพร', 'ผลพนิชรัศมี', '0840008961', 'bonjour21_12@hotmail.com', '1 ห้องนอน', '2 – 2.5 ล้านบาท', '', '1248'),
(149, 1, 0, 0, 1, 'show', '2014-08-24 23:54:22', 0, '2014-08-24 23:54:22', 0, 'นัฐพนธ์', 'ไทยพินิจ', '0836130555', 'nattaphont.th@gmail.com', '1 ห้องนอน', '2 – 2.5 ล้านบาท', '', '1249'),
(150, 1, 0, 0, 1, 'show', '2014-08-25 00:17:27', 0, '2014-08-25 00:17:27', 0, 'สุธี', 'สัทธรรมวิไล', '0891608042', 'suthee_s@hotmail.com', '1 ห้องนอน', '2 – 2.5 ล้านบาท', '1.89 ล้านมีกี่ห้องครับ', '1250'),
(151, 1, 0, 0, 1, 'show', '2014-08-25 01:11:21', 0, '2014-08-25 01:11:21', 0, 'วรพล', 'เจนกิจธัญไพบูลย์', '0815429077', 's4510488@gmail.com', '1 ห้องนอน', '3.5 – 4 ล้านบาท', 'ติดต่อกลับด้วยครับ', '1251'),
(152, 1, 0, 0, 1, 'show', '2014-08-25 01:35:03', 0, '2014-08-25 01:35:03', 0, 'พิทัศน์', 'คูสกุล', '0846525672', 'Tawatseang@hotmail.com', '1 ห้องนอน', '2 – 2.5 ล้านบาท', '', '1252'),
(153, 1, 0, 0, 1, 'show', '2014-08-25 05:15:21', 0, '2014-08-25 05:15:21', 0, 'KASEM', 'Paoumnartrit', '0922652209', 'K.S.P.SEWING@GMAIL.COM', '2 ห้องนอน', '3.5 – 4 ล้านบาท', '', '1253'),
(154, 1, 0, 0, 1, 'show', '2014-08-25 05:15:23', 0, '2014-08-25 05:15:23', 0, 'KASEM', 'Paoumnartrit', '0922652209', 'K.S.P.SEWING@GMAIL.COM', '2 ห้องนอน', '3.5 – 4 ล้านบาท', 'ขอรายละเอียดครับ', '1254'),
(155, 1, 0, 0, 1, 'show', '2014-08-25 05:15:35', 0, '2014-08-25 05:15:35', 0, 'KASEM', 'Paoumnartrit', '0922652209', 'K.S.P.SEWING@GMAIL.COM', '2 ห้องนอน', '3.5 – 4 ล้านบาท', 'ขอรายละเอียดครับี', '1255'),
(156, 1, 0, 0, 1, 'show', '2014-08-25 05:32:45', 0, '2014-08-25 05:32:45', 0, 'Nunthachai', 'Amarutanon', '0816669713', 'Nun_a111@yahoo.com', '1 ห้องนอน', '2 – 2.5 ล้านบาท', '', '1256'),
(157, 1, 0, 0, 1, 'show', '2014-08-25 07:59:12', 0, '2014-08-25 07:59:12', 0, 'Nuntapun', 'Preawnoi', '0850993532', 'gundum_45@hotmail.com', '1 ห้องนอน', '2 – 2.5 ล้านบาท', '', '1257'),
(158, 1, 0, 0, 1, 'show', '2014-08-25 08:31:20', 0, '2014-08-25 08:31:20', 0, 'Poonsin', 'Laomahamek', '0818176567', 'poonsin@msn.com', '1 ห้องนอน', '2 – 2.5 ล้านบาท', '', '1258'),
(159, 1, 0, 0, 1, 'show', '2014-08-25 09:19:02', 0, '2014-08-25 09:19:02', 0, 'รสา', 'เสวิกุล', '0814240119', 'rasa.sevikul@gmail.com', '1 ห้องนอน', '2 – 2.5 ล้านบาท', '', '1259'),
(160, 1, 0, 0, 1, 'show', '2014-08-25 09:43:53', 0, '2014-08-25 09:43:53', 0, 'channarong', 'keawkom', '0819290990', 'topsecret_imms@yahoo.com', '1 ห้องนอน', '2 – 2.5 ล้านบาท', '', '1260'),
(161, 1, 0, 0, 1, 'show', '2014-08-25 10:21:51', 0, '2014-08-25 10:21:51', 0, 'Suppakrit', 'Boonsat', '0849421010', 'mysimply@gmail.com', '1 ห้องนอน', '2 – 2.5 ล้านบาท', '', '1261'),
(162, 1, 0, 0, 1, 'show', '2014-08-25 11:21:28', 0, '2014-08-25 11:21:28', 0, 'THOSAPON', 'VIZANKIJ', '0812399169', 'id3d_tot@yahoo.com', '1 ห้องนอน', '2 – 2.5 ล้านบาท', '', '1262'),
(163, 1, 0, 0, 1, 'show', '2014-08-25 11:48:30', 0, '2014-08-25 11:48:30', 0, 'กานต์', 'รอดอาตม์', '0850443305', 'kanrodart@hotmail.com', '1 ห้องนอน', '2 – 2.5 ล้านบาท', '', '1263'),
(164, 1, 0, 0, 1, 'show', '2014-08-25 11:50:43', 0, '2014-08-25 11:50:43', 0, 'paphathep', 'wattanakorkarnkul', '0845633943', 'paphathep.w@gmail.com', '1 ห้องนอน', '2 – 2.5 ล้านบาท', '', '1264'),
(165, 1, 0, 0, 1, 'show', '2014-08-25 13:01:46', 0, '2014-08-25 13:01:46', 0, 'Koppat', 'Suksri', '0869484801', 'jamggodae9@gmail.com', '1 ห้องนอน', '2 – 2.5 ล้านบาท', '', '1265'),
(166, 1, 0, 0, 1, 'show', '2014-08-25 14:13:12', 0, '2014-08-25 14:13:12', 0, 'Kornklao', 'Tangtrongpiros', '0830257009', 'Dora_pp@hotmail.com', '1 ห้องนอน', '2 – 2.5 ล้านบาท', '', '1266'),
(167, 1, 0, 0, 1, 'show', '2014-08-25 15:13:11', 0, '2014-08-25 15:13:11', 0, 'Ekachai', 'Keeratikrittin', '0876816399', 'mask18@gmail.com', '1 ห้องนอน', '2 – 2.5 ล้านบาท', '', '1267'),
(168, 1, 0, 0, 1, 'show', '2014-08-25 16:11:31', 0, '2014-08-25 16:11:31', 0, 'apivan ', 'thaingamsilp', '0885630391', 'kratig57@gmail.com', '1 ห้องนอน', '2 – 2.5 ล้านบาท', 'ขอทราบทำเลที่ตั้ง ระยะห่างจากสถานีรถไฟฟ้าโดนประมาณค่ะ และสามารถกู้ได้กี่% ', '1268'),
(169, 1, 0, 0, 1, 'show', '2014-08-25 16:35:59', 0, '2014-08-25 16:35:59', 0, 'อภิชาต', 'สิทธิวรกุล', '0815374045', 'aechanexe@yahoo.com', '1 ห้องนอน', '2 – 2.5 ล้านบาท', '', '1269'),
(170, 1, 0, 0, 1, 'show', '2014-08-25 17:06:43', 0, '2014-08-25 17:06:43', 0, 'ปิยพงศ์', 'พลับพลึง', '0863779280', 'piyapong_ppp@hotmail.com', '1 ห้องนอน', '2 – 2.5 ล้านบาท', '', '1270'),
(171, 1, 0, 0, 1, 'show', '2014-08-25 17:21:37', 0, '2014-08-25 17:21:37', 0, 'potjanart', 'ditaram', '0891235106', 'antimod@hotmail.co.th', '1 ห้องนอน', '2 – 2.5 ล้านบาท', '', '1271'),
(172, 1, 0, 0, 1, 'show', '2014-08-25 17:33:57', 0, '2014-08-25 17:33:57', 0, 'Thirawat', 'Jaruanek', '0959597834', 'Thirawat_ds120@hotmail.com', '1 ห้องนอน', '2 – 2.5 ล้านบาท', '', '1272'),
(173, 1, 0, 0, 1, 'show', '2014-08-25 17:46:13', 0, '2014-08-25 17:46:13', 0, 'Sukunya', 'Saelim', '0886178181', 'mhaisaelim@gmail.com', '1 ห้องนอน', '2 – 2.5 ล้านบาท', '', '1273'),
(174, 1, 0, 0, 1, 'show', '2014-08-25 18:33:47', 0, '2014-08-25 18:33:47', 0, 'นภัทร', 'ปุระปัญญา', '0897802200', 'pura1981@gmail.com', '1 ห้องนอน', '2 – 2.5 ล้านบาท', '', '1274'),
(175, 1, 0, 0, 1, 'show', '2014-08-25 19:39:52', 0, '2014-08-25 19:39:52', 0, 'ธีรวุฒิ ', 'เถาว์ทิพย์', '0859270753', 'Theerawut09@gmail.com', '1 ห้องนอน', '2 – 2.5 ล้านบาท', '', '1275'),
(176, 1, 0, 0, 1, 'show', '2014-08-25 21:41:38', 0, '2014-08-25 21:41:38', 0, 'Anucha', 'Burathep', '081-9575114', 'anuchagc@gmail.com', '2 ห้องนอน', '3.5 – 4 ล้านบาท', '', '1276'),
(177, 1, 0, 0, 1, 'show', '2014-08-25 21:47:56', 0, '2014-08-25 21:47:56', 0, 'natthaphol', 'damklin', '0816136947', 'pong_yesman118@live.com', '1 ห้องนอน', '2 – 2.5 ล้านบาท', '', '1277'),
(178, 1, 0, 0, 1, 'show', '2014-08-25 21:57:26', 0, '2014-08-25 21:57:26', 0, 'ลภัสรดา', 'สุวรรณชล', '66867897708', 'laphatrada.s@hotmail.com', '2 ห้องนอน', '2.5 – 3 ล้านบาท', '', '1278'),
(179, 1, 0, 0, 1, 'show', '2014-08-25 22:38:19', 0, '2014-08-25 22:38:19', 0, 'Thepchalit', 'Chaowalit', '0851351354', 'tum_egat@hotmail.com', '1 ห้องนอน', '2 – 2.5 ล้านบาท', '', '1279'),
(180, 1, 0, 0, 1, 'show', '2014-08-25 22:49:23', 0, '2014-08-25 22:49:23', 0, 'ชาคร', 'กาญจนวสุนธรา', '0890350735', 'chakky2002@hotmail.com', '1 ห้องนอน', '2 – 2.5 ล้านบาท', '', '1280'),
(181, 1, 0, 0, 1, 'show', '2014-08-26 01:00:07', 0, '2014-08-26 01:00:07', 0, 'Tienchai', 'Ongkulna', '0870055815', 'xcandlec@hotmail.com', '1 ห้องนอน', '2.5 – 3 ล้านบาท', '', '1281'),
(182, 1, 0, 0, 1, 'show', '2014-08-26 02:14:40', 0, '2014-08-26 02:14:40', 0, 'teerawat', 'panee', '0945790919', 'teerawat.panee@gmail.com', '1 ห้องนอน', '2 – 2.5 ล้านบาท', '', '1282'),
(183, 1, 0, 0, 1, 'show', '2014-08-26 02:14:45', 0, '2014-08-26 02:14:45', 0, 'teerawat', 'panee', '0945790919', 'teerawat.panee@gmail.com', '1 ห้องนอน', '2 – 2.5 ล้านบาท', '', '1283'),
(184, 1, 0, 0, 1, 'show', '2014-08-26 10:27:24', 0, '2014-08-26 10:27:24', 0, 'พัชรพงษ์', 'งามเหมือน', '0890131120', 'the_ripper_k@hotmail.co.th', '2 ห้องนอน', '4.5 – 5 ล้านบาท', '', '1284'),
(185, 1, 0, 0, 1, 'show', '2014-08-26 11:21:23', 0, '2014-08-26 11:21:23', 0, 'ชัชวาลย์', 'วงศ์วัฒนาธีระกุล', '0845214747', 'rakumbro@gmail.com', '2 ห้องนอน', '3.5 – 4 ล้านบาท', '', '1285'),
(186, 1, 0, 0, 1, 'show', '2014-08-26 13:39:38', 0, '2014-08-26 13:39:38', 0, 'prateep', 'boonneam', '094-9526964', 'kakurapr@gmail.com', '1 ห้องนอน', '2 – 2.5 ล้านบาท', '', '1286'),
(187, 1, 0, 0, 1, 'show', '2014-08-26 14:02:29', 0, '2014-08-26 14:02:29', 0, 'Bhakkawat', 'Bhasipol', '0811734255', 'golfie80@yahoo.com', '1 ห้องนอน', '2 – 2.5 ล้านบาท', 'อยากทราบขนาด/แบบห้องครับ', '1287'),
(188, 1, 0, 0, 1, 'show', '2014-08-26 14:03:01', 0, '2014-08-26 14:03:01', 0, 'ืnook', 'won', '0814840393', 'nook.won@hotmail.com', '2 ห้องนอน', '2 – 2.5 ล้านบาท', '', '1288'),
(189, 1, 0, 0, 1, 'show', '2014-08-26 14:16:17', 0, '2014-08-26 14:16:17', 0, 'somsakul', 'vongsermsri', '0869856006', 'somsakul@gmail.com', '1 ห้องนอน', '2 – 2.5 ล้านบาท', 'สนใจครับ', '1289'),
(190, 1, 0, 0, 1, 'show', '2014-08-26 15:33:57', 0, '2014-08-26 15:33:57', 0, 'kedsara', 'Karnjanawasa', '0814047971', 'kedsarka@scg.co.th', '1 ห้องนอน', '2 – 2.5 ล้านบาท', '', '1290'),
(191, 1, 0, 0, 1, 'show', '2014-08-26 16:11:59', 0, '2014-08-26 16:11:59', 0, 'เรืองสุรีย์', 'เชี่ยวชาญวลิชกิจ', '0818278451', 'Ruangsuree@hotmail.com', '1 ห้องนอน', '2 – 2.5 ล้านบาท', '', '1291'),
(192, 1, 0, 0, 1, 'show', '2014-08-26 18:31:42', 0, '2014-08-26 18:31:42', 0, 'ณพฤษภ์', 'ไพศาลศิลป์', '0854839895', 'naprud@gmail.com', '1 ห้องนอน', '2 – 2.5 ล้านบาท', '', '1292'),
(193, 1, 0, 0, 1, 'show', '2014-08-26 19:11:26', 0, '2014-08-26 19:11:26', 0, 'visuth', 'chanprasith', '0891313744', 'visuthc@bot.or.th', '1 ห้องนอน', '2 – 2.5 ล้านบาท', '', '1293'),
(194, 1, 0, 0, 1, 'show', '2014-08-26 19:28:11', 0, '2014-08-26 19:28:11', 0, 'Nut', 'Santayanon', '0816280601', 'nuttyfirm@gmail.com', '1 ห้องนอน', '2 – 2.5 ล้านบาท', '', '1294'),
(195, 1, 0, 0, 1, 'show', '2014-08-26 19:54:34', 0, '2014-08-26 19:54:34', 0, 'เยี่ยมนุช', 'ข่มไพรี', '086-624-2610', 'yiam_khom@yahoo.com', '1 ห้องนอน', '2 – 2.5 ล้านบาท', '', '1295'),
(196, 1, 0, 0, 1, 'show', '2014-08-26 21:19:33', 0, '2014-08-26 21:19:33', 0, 'Anucha', 'Nookaew', '0813160274', 'anucha_taey@yahoo.com', '1 ห้องนอน', '2.5 – 3 ล้านบาท', '', '1296'),
(197, 1, 0, 0, 1, 'show', '2014-08-26 23:14:48', 0, '2014-08-26 23:14:48', 0, 'Phut', 'Phosrithong', '0939879456', 'paisrithong@hotmail.com', '1 ห้องนอน', '2 – 2.5 ล้านบาท', '', '1297'),
(198, 1, 0, 0, 1, 'show', '2014-08-27 06:30:33', 0, '2014-08-27 06:30:33', 0, 'Tanawut', 'Phuboriruk', '0818930505', 'tanawutp@hotmail.com', '1 ห้องนอน', '2 – 2.5 ล้านบาท', '', '1298'),
(199, 1, 0, 0, 1, 'show', '2014-08-27 07:06:20', 0, '2014-08-27 07:06:20', 0, 'Thamrongsak', 'Meechubot', '0890434900', 'meech01@hotmail.com', '1 ห้องนอน', '2 – 2.5 ล้านบาท', 'Request for information on the Stage Taopoon .\nThanks', '1299'),
(200, 1, 0, 0, 1, 'show', '2014-08-27 07:44:27', 0, '2014-08-27 07:44:27', 0, 'Samak', 'Tanitgunsan', '081-689-1427', 'samak_t@msn.com', '2 ห้องนอน', '2.5 – 3 ล้านบาท', '', '1300'),
(201, 1, 0, 0, 1, 'show', '2014-08-27 09:39:23', 0, '2014-08-27 09:39:23', 0, 'วัฒนา', 'สามา', '0837705552', 'navagam@hotmail.com', '1 ห้องนอน', '2 – 2.5 ล้านบาท', '', '1301'),
(202, 1, 0, 0, 1, 'show', '2014-08-27 11:22:49', 0, '2014-08-27 11:22:49', 0, 'jittikhun', 'tangtieng', '0815853636', 'jittikhun.t@gmail.com', '1 ห้องนอน', '2 – 2.5 ล้านบาท', '', '1302'),
(203, 1, 0, 0, 1, 'show', '2014-08-27 11:34:49', 0, '2014-08-27 11:34:49', 0, 'Samart', 'Pomocha', '0819040234', 's.pomocha@mindray.com', '1 ห้องนอน', '2 – 2.5 ล้านบาท', '', '1303'),
(204, 1, 0, 0, 1, 'show', '2014-08-27 11:41:47', 0, '2014-08-27 11:41:47', 0, 'aunchista', 'ruengnont', '0870807742', 'aunchista@gmail.com', '1 ห้องนอน', '2 – 2.5 ล้านบาท', '', '1304'),
(205, 1, 0, 0, 1, 'show', '2014-08-27 11:41:48', 0, '2014-08-27 11:41:48', 0, 'aunchista', 'ruengnont', '0870807742', 'aunchista@gmail.com', '1 ห้องนอน', '2 – 2.5 ล้านบาท', '', '1305'),
(206, 1, 0, 0, 1, 'show', '2014-08-27 13:23:43', 0, '2014-08-27 13:23:43', 0, 'Pantita', 'Boonnark', '0898896660', 'bpantita@yahoo.com', '1 ห้องนอน', '2 – 2.5 ล้านบาท', '', '1306'),
(207, 1, 0, 0, 1, 'show', '2014-08-27 13:33:23', 0, '2014-08-27 13:33:23', 0, 'สมรรัตน์', 'สุทธิสุนทรินทร์', '0867712109', 'yooaccount@hotmail.co.th', '1 ห้องนอน', '2 – 2.5 ล้านบาท', '', '1307'),
(208, 1, 0, 0, 1, 'show', '2014-08-27 13:50:05', 0, '2014-08-27 13:50:05', 0, 'วาสนา', 'สวัสดิ์วงษ์', '0880043054', 'sawatwong_was@yahoo.com', '1 ห้องนอน', '2.5 – 3 ล้านบาท', '', '1308'),
(209, 1, 0, 0, 1, 'show', '2014-08-27 13:58:09', 0, '2014-08-27 13:58:09', 0, 'phusit', 'seesai', '0870926622', 'phusit.seesai@gmail.com', '1 ห้องนอน', '2 – 2.5 ล้านบาท', '', '1309');
INSERT INTO `tbl_register_form` (`register_form_id`, `mother_shop_id`, `parent_id`, `recursive_id`, `sort_priority`, `enable_status`, `create_date`, `create_by`, `update_date`, `update_by`, `name`, `last_name`, `mobile_phone`, `email`, `room_type`, `budget`, `message`, `register_code`) VALUES
(210, 1, 0, 0, 1, 'show', '2014-08-27 14:01:46', 0, '2014-08-27 14:01:46', 0, 'Ittiwat', 'Mahapiyasilp', '0818168210', 'ittiwatm@hotmail.com', '2 ห้องนอน', '2.5 – 3 ล้านบาท', '', '1310'),
(211, 1, 0, 0, 1, 'show', '2014-08-27 14:03:48', 0, '2014-08-27 14:03:48', 0, 'Saruta', 'Tangjai', '082-667-4729', 'tannyzippy@gmail.com', '1 ห้องนอน', '2 – 2.5 ล้านบาท', '', '1311'),
(212, 1, 0, 0, 1, 'show', '2014-08-27 14:32:54', 0, '2014-08-27 14:32:54', 0, 'ชินพัฒน์', 'ภู่ปรางทอง', '0818849089', 'midnight_babyboy@hotmail.com', '1 ห้องนอน', '2 – 2.5 ล้านบาท', '', '1312'),
(213, 1, 0, 0, 1, 'show', '2014-08-27 16:19:56', 0, '2014-08-27 16:19:56', 0, 'Mr. Pinai', 'Borisuthukhun', '0819467251', 'pinai5745@gmail.com', '1 ห้องนอน', '2 – 2.5 ล้านบาท', '', '1313'),
(214, 1, 0, 0, 1, 'show', '2014-08-27 16:27:22', 0, '2014-08-27 16:27:22', 0, 'phatravudth', 'phataratanakulchai', '0816553333', 'phatravudth_seng@hotmail.com', '1 ห้องนอน', '2 – 2.5 ล้านบาท', '', '1314'),
(215, 1, 0, 0, 1, 'show', '2014-08-27 16:44:15', 0, '2014-08-27 16:44:15', 0, 'dusadee', 'Jaisriti', '0852995025', 'dusadee_mint@live.com', '1 ห้องนอน', '2 – 2.5 ล้านบาท', '', '1315'),
(216, 1, 0, 0, 1, 'show', '2014-08-27 16:44:16', 0, '2014-08-27 16:44:16', 0, 'dusadee', 'Jaisriti', '0852995025', 'dusadee_mint@live.com', '1 ห้องนอน', '2 – 2.5 ล้านบาท', '', '1316'),
(217, 1, 0, 0, 1, 'show', '2014-08-27 16:45:39', 0, '2014-08-27 16:45:39', 0, 'รัตนศิริ', 'วัฒนคามินทร์', '0877927095', 'rw_doraemon@hotmail.com', '1 ห้องนอน', '2 – 2.5 ล้านบาท', '', '1317'),
(218, 1, 0, 0, 1, 'show', '2014-08-27 17:01:56', 0, '2014-08-27 17:01:56', 0, 'สุทธิกานต์', 'แช่ม', '0828125707', 'G_ging_narak@hotmail.com', '1 ห้องนอน', '2 – 2.5 ล้านบาท', '', '1318'),
(219, 1, 0, 0, 1, 'show', '2014-08-27 17:32:36', 0, '2014-08-27 17:32:36', 0, 'Rungsan', 'Muangsiri', '0899899359', 'r.muangsiri@gmail.com', '1 ห้องนอน', '4.5 – 5 ล้านบาท', '', '1319'),
(220, 1, 0, 0, 1, 'show', '2014-08-27 19:02:43', 0, '2014-08-27 19:02:43', 0, 'naruemon', 'chimrag', '0917713396', 'n.chimrag@gmail.com', '2 ห้องนอน', '2 – 2.5 ล้านบาท', '', '1320'),
(221, 1, 0, 0, 1, 'show', '2014-08-27 21:02:31', 0, '2014-08-27 21:02:31', 0, 'Pattaraporn', 'Theeraboonlert', '0876004538', 'www_sakura11@hotmail.com', '1 ห้องนอน', '2 – 2.5 ล้านบาท', '', '1321'),
(222, 1, 0, 0, 1, 'show', '2014-08-27 21:40:20', 0, '2014-08-27 21:40:20', 0, 'asdhanon', 'janthana', '088-8429045', 'asdhanon.j@gmail.com', '1 ห้องนอน', '2 – 2.5 ล้านบาท', '', '1322'),
(223, 1, 0, 0, 1, 'show', '2014-08-27 22:34:15', 0, '2014-08-27 22:34:15', 0, 'Supawan', 'surapun', '0830041072', 'supa.puk@gmail.com', '1 ห้องนอน', '2 – 2.5 ล้านบาท', '', '1323'),
(224, 1, 0, 0, 1, 'show', '2014-08-28 00:10:04', 0, '2014-08-28 00:10:04', 0, 'จักรพล', 'พลมีเดช', '0876726517', 'd12vam@gmail.com', '1 ห้องนอน', '2 – 2.5 ล้านบาท', '', '1324'),
(225, 1, 0, 0, 1, 'show', '2014-08-28 00:45:37', 0, '2014-08-28 00:45:37', 0, 'นล', 'พลูวังกาญจน์', '0874974471', 'nolpluwa@scg.co.th', '1 ห้องนอน', '2.5 – 3 ล้านบาท', 'ได้โทรสอบถามตั้งแต่เดือน ก.ค. 57', '1325'),
(226, 1, 0, 0, 1, 'show', '2014-08-28 07:27:10', 0, '2014-08-28 07:27:10', 0, 'ิบุญฤทธิ์', 'แจ่มเจริญ', '0839058704', 'fengbyc@ku.ac.th', '1 ห้องนอน', '2 – 2.5 ล้านบาท', 'สนใจจะซื้อ ขอรายละเอียดโครงการ', '1326'),
(227, 1, 0, 0, 1, 'show', '2014-08-28 08:29:47', 0, '2014-08-28 08:29:47', 0, 'กานต์สินี', 'ฉัตรวิริยานนท์', '0935805155', 'Kansinee_chat@yahoo.com', '1 ห้องนอน', '2 – 2.5 ล้านบาท', '', '1327'),
(228, 1, 0, 0, 1, 'show', '2014-08-28 13:37:07', 0, '2014-08-28 13:37:07', 0, 'Sethiwut', 'Sritakoonrat', '0918459212', 'pandarianz@gmail.com', '2 ห้องนอน', '2.5 – 3 ล้านบาท', '', '1328'),
(229, 1, 0, 0, 1, 'show', '2014-08-28 14:07:41', 0, '2014-08-28 14:07:41', 0, 'panida', 'ninaroon', '0818817893', 'ayaaey_littlev@hotmail.com', '1 ห้องนอน', '2 – 2.5 ล้านบาท', '', '1329'),
(230, 1, 0, 0, 1, 'show', '2014-08-28 14:15:47', 0, '2014-08-28 14:15:47', 0, 'sopaphan', 'thiptaralai', '0886297799', 'aloha-hola@hotmail.com', '1 ห้องนอน', '2 – 2.5 ล้านบาท', '', '1330'),
(231, 1, 0, 0, 1, 'show', '2014-08-28 14:29:01', 0, '2014-08-28 14:29:01', 0, 'Nirat ', 'Wiriyakhunakorn', '0860190606', 'w_piti@hotmail.com', '1 ห้องนอน', '2 – 2.5 ล้านบาท', '', '1331'),
(232, 1, 0, 0, 1, 'show', '2014-08-28 14:45:33', 0, '2014-08-28 14:45:33', 0, 'Lurtvat', 'Chanthatarath', '0818995104', 'lurtvat@yahoo.com', '1 ห้องนอน', '2 – 2.5 ล้านบาท', '', '1332'),
(233, 1, 0, 0, 1, 'show', '2014-08-28 17:24:51', 0, '2014-08-28 17:24:51', 0, 'จิราพรรณ', 'เกศพิชญวัฒนา', '0818159430', 'jiraparn@yahoo.com', '1 ห้องนอน', '2 – 2.5 ล้านบาท', '', '1333'),
(234, 1, 0, 0, 1, 'show', '2014-08-28 17:40:03', 0, '2014-08-28 17:40:03', 0, 'Tosawoan', 'Sawatcheewan', '66909928499', 'lovewoan@hotmail.com', '1 ห้องนอน', '2 – 2.5 ล้านบาท', '', '1334'),
(235, 1, 0, 0, 1, 'show', '2014-08-28 18:19:46', 0, '2014-08-28 18:19:46', 0, 'วิมลวรรณ เมืองจันทร์', 'เมืองจันทร์', '0869142607', 'maewcool@gmail.com', '1 ห้องนอน', '2 – 2.5 ล้านบาท', '', '1335'),
(236, 1, 0, 0, 1, 'show', '2014-08-28 18:19:48', 0, '2014-08-28 18:19:48', 0, 'วิมลวรรณ เมืองจันทร์', 'เมืองจันทร์', '0869142607', 'maewcool@gmail.com', '1 ห้องนอน', '2 – 2.5 ล้านบาท', '', '1336'),
(237, 1, 0, 0, 1, 'show', '2014-08-28 18:27:36', 0, '2014-08-28 18:27:36', 0, 'ธนกร', 'ขนบธรรมกุล', '0909617700', 'thanakormpro@gmail.com', '2 ห้องนอน', '2.5 – 3 ล้านบาท', '', '1337'),
(238, 1, 0, 0, 1, 'show', '2014-08-28 19:42:15', 0, '2014-08-28 19:42:15', 0, 'ประสูติ', 'เศวตเศรนี', '0965941428', 'coolmaxfm@gmail.com', '1 ห้องนอน', '2 – 2.5 ล้านบาท', '', '1338'),
(239, 1, 0, 0, 1, 'show', '2014-08-28 21:38:59', 0, '2014-08-28 21:38:59', 0, 'วิริยะ', 'เหลืองศศิพงษ์', '0817588368', 'kengwiriya@hotmail.com', '1 ห้องนอน', '2 – 2.5 ล้านบาท', '', '1339'),
(240, 1, 0, 0, 1, 'show', '2014-08-28 22:12:26', 0, '2014-08-28 22:12:26', 0, 'กล้าหาญ', 'สุขไสว', '0818122241', 'Jamessuksawai@gmail.com', '1 ห้องนอน', '2 – 2.5 ล้านบาท', '', '1340'),
(241, 1, 0, 0, 1, 'show', '2014-08-28 22:29:26', 0, '2014-08-28 22:29:26', 0, 'Kittichai', 'K.', '0867773347', 'abtoecon@gmail.com', '1 ห้องนอน', '2 – 2.5 ล้านบาท', '', '1341'),
(242, 1, 0, 0, 1, 'show', '2014-08-29 00:02:45', 0, '2014-08-29 00:02:45', 0, 'ลลิตา', 'วิทเมอร์', '0819309042', 'lalita.w@hotmail.com', '1 ห้องนอน', '2 – 2.5 ล้านบาท', '', '1342'),
(243, 1, 0, 0, 1, 'show', '2014-08-29 01:53:37', 0, '2014-08-29 01:53:37', 0, 'pochong', 'uthaitas', '0901019765', 'er_6n_@hotmail.com', '1 ห้องนอน', '2 – 2.5 ล้านบาท', '', '1343'),
(244, 1, 0, 0, 1, 'show', '2014-08-29 08:03:25', 0, '2014-08-29 08:03:25', 0, 'msr.nanta', 'haruenmit', '0808177281', 'nth753@gmail.com', '1 ห้องนอน', '2 – 2.5 ล้านบาท', '', '1344'),
(245, 1, 0, 0, 1, 'show', '2014-08-29 10:32:43', 0, '2014-08-29 10:32:43', 0, 'Pipat ', 'meteeveerawong', '0894520874', 'pipatpipat45@hotmail.co.th', '1 ห้องนอน', '2 – 2.5 ล้านบาท', '', '1345'),
(246, 1, 0, 0, 1, 'show', '2014-08-29 14:02:19', 0, '2014-08-29 14:02:19', 0, 'Natkawin', 'Jiamchoatpatanakul', '089-895-9608', 'j.investmentasset@gmail.com', '1 ห้องนอน', '2 – 2.5 ล้านบาท', '', '1346'),
(247, 1, 0, 0, 1, 'show', '2014-08-29 14:45:46', 0, '2014-08-29 14:45:46', 0, 'Nachana', 'uthailapthong', '0896559192', 'pomm.singthong@gmail.com', '1 ห้องนอน', '2 – 2.5 ล้านบาท', '', '1347'),
(248, 1, 0, 0, 1, 'show', '2014-08-29 15:01:53', 0, '2014-08-29 15:01:53', 0, 'เครือวัลย์  ', 'เลิศพิริยพงศ์', '0816153622', 'wantwo@hotmail.com', '1 ห้องนอน', '2 – 2.5 ล้านบาท', '', '1348'),
(249, 1, 0, 0, 1, 'show', '2014-08-29 15:36:45', 0, '2014-08-29 15:36:45', 0, 'อัครเดช', 'ภมรศิริตระกูล', '087-345-1899', 'dede2548@hotmail.com', '1 ห้องนอน', '2 – 2.5 ล้านบาท', '', '1349'),
(250, 1, 0, 0, 1, 'show', '2014-08-29 15:55:06', 0, '2014-08-29 15:55:06', 0, 'Sasarak', 'Sutthisukon', '0955490945', 'sasarak.nars@gmail.com', '1 ห้องนอน', '2 – 2.5 ล้านบาท', '', '1350'),
(251, 1, 0, 0, 1, 'show', '2014-08-29 16:43:08', 0, '2014-08-29 16:43:08', 0, 'Roj', 'Muangkroot', '0818504567', 'rojjyboy@yahoo.com', '2 ห้องนอน', '2.5 – 3 ล้านบาท', '', '1351'),
(252, 1, 0, 0, 1, 'show', '2014-08-29 16:58:44', 0, '2014-08-29 16:58:44', 0, 'numnim_test', 'numnim_test', 'numnim_test', 'numnim_test@gmail.com', '1 ห้องนอน', '2 – 2.5 ล้านบาท', 'numnim_test\n', '1352'),
(253, 1, 0, 0, 1, 'show', '2014-08-29 18:05:05', 0, '2014-08-29 18:05:05', 0, 'ปภาดา', 'พงษ์อุตทา', '0863585899', 'pabhada.sa@gmail.com', '2 ห้องนอน', '2.5 – 3 ล้านบาท', '', '1353'),
(254, 1, 0, 0, 1, 'show', '2014-08-29 19:18:45', 0, '2014-08-29 19:18:45', 0, 'วิโรจน์', 'รักแจ้ง', '0863227620', 'rugjang@yahoo.com', '1 ห้องนอน', '2 – 2.5 ล้านบาท', '', '1354'),
(255, 1, 0, 0, 1, 'show', '2014-08-29 19:20:14', 0, '2014-08-29 19:20:14', 0, 'พฤกษา', 'เศวตมาลย์', '0849336689', 'gagedy@gmail.com', '1 ห้องนอน', '2 – 2.5 ล้านบาท', '', '1355'),
(256, 1, 0, 0, 1, 'show', '2014-08-29 19:55:23', 0, '2014-08-29 19:55:23', 0, 'วิชัย', 'รักศิริกุล', '0879841950', 'raksirikul@gmail.com', '1 ห้องนอน', '2 – 2.5 ล้านบาท', 'สนใจโครงการ', '1356'),
(257, 1, 0, 0, 1, 'show', '2014-08-29 20:39:24', 0, '2014-08-29 20:39:24', 0, 'Bancha', 'Chaiprom', '0813767001', 'Banchac@scg.co.th', '1 ห้องนอน', '2.5 – 3 ล้านบาท', '', '1357'),
(258, 1, 0, 0, 1, 'show', '2014-08-29 22:12:01', 0, '2014-08-29 22:12:01', 0, 'Alfanine Oneone', 'one one', '0816552888', 'alfanineoneone@gmail.com', '1 ห้องนอน', '2 – 2.5 ล้านบาท', 'สนใจคะ ขอรายละเอียด', '1358'),
(259, 1, 0, 0, 1, 'show', '2014-08-29 23:47:49', 0, '2014-08-29 23:47:49', 0, 'สุธี', 'สัทธรรมวิไล', '0891608042', 'suthee_s@hotmail.com', '1 ห้องนอน', '2 – 2.5 ล้านบาท', 'เอ้า อยากได้ตำกว่า 2 ล้านไม่มีห้องให้เลือกหรือครับ\nอยากได้ห้องแบบ Fully Furnished พร้อมแอร์ด้วยครับ', '1359'),
(260, 1, 0, 0, 1, 'show', '2014-08-30 07:40:19', 0, '2014-08-30 07:40:19', 0, 'ณัฐกร', 'คำจำนรรจ์', '0851170119', 'kornmailbox@gmail.com', '1 ห้องนอน', '2 – 2.5 ล้านบาท', '', '1360'),
(261, 1, 0, 0, 1, 'show', '2014-08-30 07:51:21', 0, '2014-08-30 07:51:21', 0, 'rungsak', 'suksuwan', '0869110345', 'suwan.cyber@gmail.com', '2 ห้องนอน', '2 – 2.5 ล้านบาท', '', '1361'),
(262, 1, 0, 0, 1, 'show', '2014-08-30 09:41:14', 0, '2014-08-30 09:41:14', 0, 'พงษ์ศักดิ์', 'พุ่มประดิษฐ์', '0818400093', 'p_phumpradit@hotmail.com', '1 ห้องนอน', '2 – 2.5 ล้านบาท', 'รบกวนขอข้อมูลเพ่ิมเติมครับ', '1362'),
(263, 1, 0, 0, 1, 'show', '2014-08-30 11:26:03', 0, '2014-08-30 11:26:03', 0, 'แพร', 'เตมียบุตร', '0888706465', 'i_am_pear_cud40@hotmail.com', '1 ห้องนอน', '2 – 2.5 ล้านบาท', '', '1363'),
(264, 1, 0, 0, 1, 'show', '2014-08-30 11:43:12', 0, '2014-08-30 11:43:12', 0, 'Alan', 'McAdam', '0817179519', 'alanmcadam@yahoo.com', '2 ห้องนอน', '2 – 2.5 ล้านบาท', '', '1364'),
(265, 1, 0, 0, 1, 'show', '2014-08-30 12:32:52', 0, '2014-08-30 12:32:52', 0, 'Kulvadee ', 'Pounglaph', '0819244077', 'Toeyza_cool@hotmail.com', '1 ห้องนอน', '2 – 2.5 ล้านบาท', '', '1365'),
(266, 1, 0, 0, 1, 'show', '2014-08-30 12:48:47', 0, '2014-08-30 12:48:47', 0, 'Waranya', 'Supamith', '0865552604', 'ikikky@hotmail.com', '1 ห้องนอน', '2 – 2.5 ล้านบาท', '', '1366'),
(267, 1, 0, 0, 1, 'show', '2014-08-30 14:38:17', 0, '2014-08-30 14:38:17', 0, 'Wee', 'Chamroonrat ', '0818409917', 'wee_18@yahoo.com', '1 ห้องนอน', '2.5 – 3 ล้านบาท', '', '1367'),
(268, 1, 0, 0, 1, 'show', '2014-08-30 14:38:17', 0, '2014-08-30 14:38:17', 0, 'Wee', 'Chamroonrat ', '0818409917', 'wee_18@yahoo.com', '1 ห้องนอน', '2.5 – 3 ล้านบาท', '', '1368'),
(269, 1, 0, 0, 1, 'show', '2014-08-30 14:46:20', 0, '2014-08-30 14:46:20', 0, 'Paitoon', 'Seedaed', '0885415767', 'paitoon.net@gmail.com', '1 ห้องนอน', '2 – 2.5 ล้านบาท', '', '1369'),
(270, 1, 0, 0, 1, 'show', '2014-08-30 15:16:09', 0, '2014-08-30 15:16:09', 0, 'ทิพยรัตน์', 'ตาลสถิตย์', '0894179544', 'aum_att@yahoo.com', '1 ห้องนอน', '2 – 2.5 ล้านบาท', '', '1370'),
(271, 1, 0, 0, 1, 'show', '2014-08-30 18:22:34', 0, '2014-08-30 18:22:34', 0, '๋๋๋Jirapat ', 'Pitpreecha', '0815667399', 'napar99@hotmail.com', '2 ห้องนอน', '2.5 – 3 ล้านบาท', '', '1371'),
(272, 1, 0, 0, 1, 'show', '2014-08-30 21:35:10', 0, '2014-08-30 21:35:10', 0, 'Apisit', 'Morasil', '0865550900', 'jane_jud@hotmail.com', '1 ห้องนอน', '2 – 2.5 ล้านบาท', '', '1372'),
(273, 1, 0, 0, 1, 'show', '2014-08-30 22:29:55', 0, '2014-08-30 22:29:55', 0, 'shuppachat', 'sukkum', '0874842882', 'sukkum_22@hotmail.com', '1 ห้องนอน', '2 – 2.5 ล้านบาท', '', '1373'),
(274, 1, 0, 0, 1, 'show', '2014-08-30 22:39:37', 0, '2014-08-30 22:39:37', 0, 'กันต์กนิษฐ์', 'บุณยนิตย์', '0856613989', 'iam_little_mermaid@hotmail.com', '1 ห้องนอน', '2 – 2.5 ล้านบาท', '', '1374'),
(275, 1, 0, 0, 1, 'show', '2014-08-30 22:58:21', 0, '2014-08-30 22:58:21', 0, 'piya', 'pinpradab', '0804406999', 'piyapin@icloud.com', '1 ห้องนอน', '2 – 2.5 ล้านบาท', '', '1375'),
(276, 1, 0, 0, 1, 'show', '2014-08-30 23:11:00', 0, '2014-08-30 23:11:00', 0, 'ประภัสสร', 'เกิดพันธ์ลาภ', '0849703888', 'Aom_85@hotmail.com', '1 ห้องนอน', '2 – 2.5 ล้านบาท', '', '1376'),
(277, 1, 0, 0, 1, 'show', '2014-08-30 23:17:51', 0, '2014-08-30 23:17:51', 0, 'กฤษณพงศ์', 'วิมลสุข', '0890220024', 'earth_kris@hotmail.com', '1 ห้องนอน', '2.5 – 3 ล้านบาท', '', '1377'),
(278, 1, 0, 0, 1, 'show', '2014-08-31 02:42:09', 0, '2014-08-31 02:42:09', 0, 'ณัฏฐชัย', 'เฉลิมวัฒน์', '0853625615', 'Nutway@yahoo.com', '2 ห้องนอน', '2 – 2.5 ล้านบาท', '', '1378'),
(279, 1, 0, 0, 1, 'show', '2014-08-31 02:44:19', 0, '2014-08-31 02:44:19', 0, 'Athiwat', 'Gittithanasub', '0874936696', 'gittithanasub09@gmail.com', '1 ห้องนอน', '2 – 2.5 ล้านบาท', 'สนใจคอนโด', '1379'),
(280, 1, 0, 0, 1, 'show', '2014-08-31 07:26:07', 0, '2014-08-31 07:26:07', 0, 'suthee', 'visuttirungsan', '0816325435', 'suthee1981@hotmail.com', '1 ห้องนอน', '2 – 2.5 ล้านบาท', 'สนใจห้องวิวสวยที่ราคา1.89 ล.บ.', '1380'),
(281, 1, 0, 0, 1, 'show', '2014-08-31 07:50:39', 0, '2014-08-31 07:50:39', 0, 'รณรงค์', 'ฐิตทานนท์', '0843889456', 'ronnarongt@hotmail.com', '1 ห้องนอน', '2 – 2.5 ล้านบาท', '', '1381'),
(282, 1, 0, 0, 1, 'show', '2014-08-31 08:44:54', 0, '2014-08-31 08:44:54', 0, 'นิลุบล', 'วัศกาญจน์', '0891514071', 'nilubol1961@gmail.com', '1 ห้องนอน', '2 – 2.5 ล้านบาท', '', '1382'),
(283, 1, 0, 0, 1, 'show', '2014-08-31 08:45:30', 0, '2014-08-31 08:45:30', 0, 'นิลุบล', 'วังศกาญจน์', '0891514071', 'nilubol1961@gmail.com', '1 ห้องนอน', '2 – 2.5 ล้านบาท', '', '1383'),
(284, 1, 0, 0, 1, 'show', '2014-08-31 09:26:50', 0, '2014-08-31 09:26:50', 0, 'ลัดดา', 'เหลืองวัฒนากิจ', '0896762084', 'laddda187@hotmail.com', '1 ห้องนอน', '2 – 2.5 ล้านบาท', '', '1384'),
(285, 1, 0, 0, 1, 'show', '2014-08-31 12:01:06', 0, '2014-08-31 12:01:06', 0, 'sasitorn', 'chetanont', '0892006114', 's.chetanont@gmail.com', '1 ห้องนอน', '2 – 2.5 ล้านบาท', '', '1385'),
(286, 1, 0, 0, 1, 'show', '2014-08-31 12:34:08', 0, '2014-08-31 12:34:08', 0, 'บัณฑิต', 'ชื่นชมสกุล', '0885953933', 'bundit.c@hotmail.com', '1 ห้องนอน', '2 – 2.5 ล้านบาท', '', '1386'),
(287, 1, 0, 0, 1, 'show', '2014-08-31 13:48:19', 0, '2014-08-31 13:48:19', 0, 'ธนวรรธน์', 'นาคะวิโร', '0811709569', 'nakawiro@yahoo.com', '1 ห้องนอน', '2 – 2.5 ล้านบาท', '', '1387'),
(288, 1, 0, 0, 1, 'show', '2014-08-31 14:04:13', 0, '2014-08-31 14:04:13', 0, 'sakol', 'kiddanarakron', '0896874662', 'koldet@hotmail.co.th', '1 ห้องนอน', '2 – 2.5 ล้านบาท', '', '1388'),
(289, 1, 0, 0, 1, 'show', '2014-08-31 14:48:20', 0, '2014-08-31 14:48:20', 0, 'piya', 'parnphumeesup', '0864913448', 'bpiya@wu.ac.th', '1 ห้องนอน', '2 – 2.5 ล้านบาท', '', '1389'),
(290, 1, 0, 0, 1, 'show', '2014-08-31 15:34:23', 0, '2014-08-31 15:34:23', 0, 'ณัฐพล', 'ปานทอง', '0818151433', 'movenatapon@gmail.com', '2 ห้องนอน', '3.5 – 4 ล้านบาท', '', '1390'),
(291, 1, 0, 0, 1, 'show', '2014-08-31 15:56:01', 0, '2014-08-31 15:56:01', 0, 'เกียรติคุณ', 'นวรัตน์รุ่งโรจน์', '0819302085', 'horizonrim@hotmail.com', '1 ห้องนอน', '2 – 2.5 ล้านบาท', '', '1391'),
(292, 1, 0, 0, 1, 'show', '2014-08-31 16:06:24', 0, '2014-08-31 16:06:24', 0, 'pariwat', 'duangkamnoi', '0955145496', 'design.by.pariwat.th@gmail.com', '1 ห้องนอน', '2 – 2.5 ล้านบาท', '', '1392'),
(293, 1, 0, 0, 1, 'show', '2014-08-31 16:42:50', 0, '2014-08-31 16:42:50', 0, 'ภักดี', 'หิรัญ', '0955105740', 'Pardeeh@hotmail.com', '1 ห้องนอน', '2 – 2.5 ล้านบาท', '', '1393'),
(294, 1, 0, 0, 1, 'show', '2014-08-31 16:43:48', 0, '2014-08-31 16:43:48', 0, 'ภักดี', 'หิรัญ', '0955105740', 'Pardeeh@hotmail.com', '1 ห้องนอน', '2 – 2.5 ล้านบาท', '', '1394'),
(295, 1, 0, 0, 1, 'show', '2014-08-31 18:54:26', 0, '2014-08-31 18:54:26', 0, 'ณพฤษภ์', 'ไพศาลศิลป์', '0854839895', 'naprud@gmail.com', '1 ห้องนอน', '2 – 2.5 ล้านบาท', '', '1395'),
(296, 1, 0, 0, 1, 'show', '2014-08-31 19:20:10', 0, '2014-08-31 19:20:10', 0, 'มีนา', 'จิวะนันทประวัติ', '0918845456', 'aristotle_30030@hotmail.com', '1 ห้องนอน', '2 – 2.5 ล้านบาท', '', '1396'),
(297, 1, 0, 0, 1, 'show', '2014-08-31 20:44:23', 0, '2014-08-31 20:44:23', 0, 'มุขเลขา', 'วิจันทมุข', '0800477556', 'tonlewmw@gmail.com', '1 ห้องนอน', '2 – 2.5 ล้านบาท', '', '1397'),
(298, 1, 0, 0, 1, 'show', '2014-08-31 22:30:03', 0, '2014-08-31 22:30:03', 0, 'test', 'test', '0817212222', 'stea@gmai.com', '1 ห้องนอน', '2 – 2.5 ล้านบาท', 'test', '1398'),
(299, 1, 0, 0, 1, 'show', '2014-08-31 23:18:39', 0, '2014-08-31 23:18:39', 0, 'จิรพนธ์', 'หวังวงศ์วิโรจน์', '0813595932', 'pete.chirapon@gmail.com', '1 ห้องนอน', '2 – 2.5 ล้านบาท', 'รบกวนขอรายละเอียดเพิ่มเติมด้วยนะครับ', '1399'),
(300, 1, 0, 0, 1, 'show', '2014-08-31 23:36:51', 0, '2014-08-31 23:36:51', 0, 'Laddawan', 'Tongsomboondee', '0811709922', 'lad.pad@hoymail.com', '1 ห้องนอน', '2 – 2.5 ล้านบาท', '', '1400'),
(301, 1, 0, 0, 1, 'show', '2014-09-01 05:06:33', 0, '2014-09-01 05:06:33', 0, 'Benchaporn ', 'Sirmungsong', '0847833264', 'aum_nicegirl@hotmail.com', '1 ห้องนอน', '2 – 2.5 ล้านบาท', '', '1401'),
(302, 1, 0, 0, 1, 'show', '2014-09-01 06:35:29', 0, '2014-09-01 06:35:29', 0, 'KASEM', 'Paoumnartrit', '0922652209', 'K.S.P.SEWING@GMAIL.COM', '1 ห้องนอน', '2 – 2.5 ล้านบาท', 'ขอรายละเอียดหน่อยครับขนาดห้องกี่ ตรม. มีกี่หัองนอนบ้าง ที่ตั้งของคอนโด', '1402'),
(303, 1, 0, 0, 1, 'show', '2014-09-01 11:00:46', 0, '2014-09-01 11:00:46', 0, 'นางสาวสุภาพร', 'แป้งทา', '0865459234', 'ammy447@hotmail.com', '1 ห้องนอน', '2 – 2.5 ล้านบาท', '', '1403');

-- --------------------------------------------------------

--
-- Table structure for table `tbl_register_form_lang`
--

CREATE TABLE IF NOT EXISTS `tbl_register_form_lang` (
  `register_form_lang_id` bigint(20) unsigned NOT NULL auto_increment,
  `register_form_id` bigint(20) unsigned NOT NULL,
  `lang_id` bigint(20) unsigned NOT NULL default '0',
  PRIMARY KEY  (`register_form_lang_id`)
) ENGINE=MyISAM DEFAULT CHARSET=utf8 AUTO_INCREMENT=1 ;

/*!40101 SET CHARACTER_SET_CLIENT=@OLD_CHARACTER_SET_CLIENT */;
/*!40101 SET CHARACTER_SET_RESULTS=@OLD_CHARACTER_SET_RESULTS */;
/*!40101 SET COLLATION_CONNECTION=@OLD_COLLATION_CONNECTION */;
